0.21036,0
0.065314,0
0.13984,0
0.16619,1
0.33632,0
0.18987,0
0.19447,0
0.062342,0
0.14409,0
0.30368,0
0.17017,0
0.52267,0
1.1356,1
0.45821,0
0.34556,1
0.19616,0
0.55308,0
0.27823,0
0.067236,0
0.23445,0
0.27727,0
0.080403,0
0.084748,0
0.37863,0
0.14422,0
0.32932,0
0.18436,0
0.020163,0
0.061099,0
0.10492,0
0.22348,0
0.4332,1
1.2877,1
0.19937,0
0.19415,0
0.15556,0
0.19692,0
0.13821,0
0.39969,0
0.13064,0
1.556,1
0.3368,1
0.40459,0
0.12833,0
0.3569,0
0.33029,0
0.1316,0
0.16622,1
0.16599,0
0.14712,0
0.31317,1
0.19476,0
0.33225,0
0.13971,0
0.23093,0
0.41116,0
0.10967,0
1.5156,1
0.091328,0
0.24524,1
0.041017,1
0.25029,1
0.070336,0
0.081185,0
0.078716,0
0.24635,0
0.33737,0
0.33737,0
0.084705,0
0.13151,0
0.42366,0
0.062062,0
0.24059,0
0.28564,1
0.061334,0
0.084225,0
0.079025,0
0.37544,0
0.13916,0
0.80855,1
0.16872,0
1.5879,1
0.26272,0
0.32822,1
0.19709,0
0.059543,0
0.080806,0
0.16978,0
0.16978,0
0.36742,0
1.7745,0
0.4563,1
0.22142,0
0.532,1
0.31328,0
0.32397,0
0.26541,0
0.11556,0
0.31879,0
0.10701,0
0.25259,0
0.53814,0
0.19001,0
0.36686,0
0.45366,0
0.19578,0
1.2672,1
0.1573,0
0.10181,0
0.1287,0
0.068314,0
0.27734,0
0.99356,1
0.20025,0
0.085552,0
0.13485,0
0.7468,1
0.23831,0
0.14283,0
0.25275,0
0.44426,0
0.20484,0
0.20519,0
0.19237,0
0.45542,0
0.19551,0
0.17898,0
0.10567,0
0.12942,0
0.50014,0
0.25047,1
0.84655,1
0.16502,0
0.13134,0
0.090923,0
0.082642,0
0.1963,0
0.065944,0
0.19039,0
1.5899,1
0.20467,0
0.21552,0
0.037978,0
0.049143,0
0.076343,0
0.3432,0
0.10266,0
0.51349,0
0.13493,0
0.27298,0
0.10713,0
0.16329,0
0.0707,0
0.30014,0
0.36308,1
0.25158,0
0.31185,0
0.21244,0
0.26403,0
0.14931,0
0.14544,0
0.17574,0
0.24238,0
0.2958,1
0.24838,0
0.034959,0
0.15256,0
0.22246,0
0.047672,0
0.86437,1
0.12217,0
0.28275,0
0.15658,0
0.12219,0
0.12322,0
0.17287,0
0.22707,1
0.087777,0
3.416,1
0.11329,0
0.21764,0
0.31053,0
0.48481,1
0.13565,0
0.089455,0
0.065036,0
0.15914,0
0.32026,0
0.45426,0
0.08531,0
0.074439,0
0.42049,1
0.091548,0
0.18001,0
0.14158,0
0.17612,0
0.42874,0
0.1742,0
0.39815,1
0.25429,0
0.078902,0
2.4525,1
0.24544,0
0.022265,0
0.11554,0
0.079468,0
0.11164,0
0.20647,0
0.18982,1
0.19233,0
0.064682,0
0.059908,0
0.20889,0
0.29862,1
0.42715,0
0.084667,0
0.2419,0
0.081469,0
0.04905,0
0.1244,0
0.089866,0
0.11964,0
0.25287,0
22.538,1
0.073801,0
0.060685,0
0.21855,0
0.32953,1
0.053965,0
0.077817,0
0.072801,0
0.10445,0
0.12444,0
0.1316,0
0.18664,0
0.12769,0
0.092799,0
0.1572,1
0.19342,0
0.26654,0
0.10787,0
0.35787,0
0.092949,0
0.31519,0
0.097744,0
0.071981,0
0.24088,1
0.48086,0
0.13033,0
0.17607,0
0.31653,0
0.093984,0
0.30433,1
1.243,1
0.15263,0
0.21107,0
0.16251,0
0.37123,0
0.11112,0
0.16008,0
0.036469,0
0.13644,0
0.127,0
0.15655,0
0.053864,0
0.47046,0
0.23567,0
0.14815,0
0.26484,0
0.28032,0
0.042562,0
0.13741,0
0.26008,0
0.10574,0
0.80648,0
0.2043,0
0.077069,0
0.30382,1
0.16982,0
0.11959,0
0.15876,0
0.044341,0
0.10033,0
0.033294,0
0.49542,0
0.075881,0
0.28777,1
0.087389,0
0.2082,0
0.10304,0
0.32051,1
0.12078,0
0.074201,0
1.5771,1
0.20824,0
0.071443,0
0.349,0
0.028456,0
0.14324,0
0.40531,0
0.16768,0
0.19143,0
0.13737,0
0.069219,0
0.17309,0
0.10566,0
1.4693,0
0.16078,0
0.28627,0
0.31306,0
0.14097,0
0.059941,0
6.62,0
0.033226,0
0.27149,0
0.3083,0
0.43918,1
0.25787,1
0.27103,0
0.27985,0
0.32189,0
0.23723,1
0.17412,0
0.10451,0
0.34417,0
0.10832,1
0.26633,0
0.30188,0
0.11743,0
0.099235,1
0.30923,0
0.12003,0
0.54349,0
0.073425,0
0.4874,0
0.13854,0
0.17574,0
0.30268,0
0.093099,0
0.074761,1
0.55178,1
0.12375,0
0.069027,0
0.052505,0
0.13182,0
0.45,1
0.37774,0
0.15524,0
0.27169,0
0.4542,1
0.10761,0
0.14226,0
0.20826,0
0.31394,0
0.11782,0
0.073351,0
1.0393,0
0.15567,0
0.10891,0
0.57424,1
0.26167,0
0.3797,0
0.097403,0
0.61592,1
0.10139,1
0.1875,0
0.072429,0
0.46069,0
0.49035,1
0.25471,0
0.23155,0
0.1278,0
0.16059,0
0.1052,0
0.39974,0
0.095288,0
0.13242,0
0.1333,0
0.57092,1
0.39935,0
0.26635,0
0.32976,0
0.25074,0
0.21542,1
0.66864,1
0.20791,0
0.56979,0
0.32142,0
0.45901,0
0.53295,0
0.15612,1
0.12939,0
0.1062,0
0.23464,0
1.1037,1
0.3439,1
0.092439,0
0.5379,1
0.091176,0
0.20362,0
0.10067,0
0.1082,0
0.086523,0
0.098511,0
0.10318,1
0.097546,0
0.42909,1
0.38671,0
0.31396,1
1.4504,1
0.60631,1
0.36631,0
0.097621,0
0.39352,1
0.14324,0
0.33173,0
0.1625,0
0.39534,0
0.1792,0
0.10885,0
0.71169,0
0.21613,0
0.18658,0
0.24327,0
0.23573,0
1.9729,1
0.058089,0
0.10364,0
0.080553,0
0.31531,1
0.30989,0
0.097164,0
0.068412,0
0.10847,0
0.10795,0
1.827,1
0.31957,1
0.083606,0
0.11815,0
0.10929,0
0.255,0
0.093618,0
0.19754,0
0.26043,0
0.33915,0
0.60592,0
0.068496,0
0.12564,0
0.15618,0
0.31533,0
0.36035,0
0.12043,0
0.20941,0
0.23745,0
0.04644,0
0.10058,0
0.01919,1
0.078429,0
0.45387,0
0.28819,0
0.35998,0
0.35998,0
0.33555,0
0.19531,0
0.13161,0
0.23502,1
0.58671,0
0.028826,0
0.19012,0
0.36906,1
0.50518,1
0.20296,0
0.37856,0
0.24484,1
0.18923,0
0.050717,0
0.23444,0
0.35603,1
0.13199,0
0.28075,0
0.44201,0
0.4617,0
0.18991,0
0.073103,0
0.20425,0
0.38557,0
0.16536,1
0.065822,0
0.38715,0
0.2098,0
0.24225,0
0.060577,0
0.14358,0
0.061292,0
1.2696,1
0.16998,0
0.2796,0
0.31713,0
1.6187,1
0.1131,0
0.092075,0
0.11729,0
0.20181,0
0.15697,1
0.50613,1
0.066919,0
0.054335,0
0.10744,0
0.19609,0
0.10065,0
0.26088,1
0.028923,0
0.12594,0
0.33666,0
0.19969,0
0.60457,1
0.10352,0
0.28213,0
1.8321,1
0.16762,0
0.2101,0
0.18199,0
0.36707,0
0.22348,0
0.1199,0
0.29363,1
0.17192,0
0.30555,1
0.27628,1
0.24085,0
0.2435,0
0.063416,0
0.049916,0
0.18305,0
0.21559,0
0.3196,1
0.2888,0
0.52655,1
0.19315,0
0.27189,0
0.073113,0
0.057705,1
0.12421,0
0.23515,1
0.35889,0
0.3441,1
0.33536,0
0.26373,0
0.31139,1
1.0024,1
0.15311,0
0.14545,0
0.12398,0
0.23072,0
0.064482,0
0.84096,1
0.059209,0
0.22263,0
0.084052,0
1.1531,1
0.050982,0
0.085631,0
0.038899,0
0.31423,0
0.4006,0
0.19418,0
0.40103,0
0.19644,0
0.10221,0
0.0704,0
0.41376,0
0.20266,0
0.42,0
0.53431,0
0.076716,0
0.90793,1
0.24402,0
0.0254,0
0.06313,0
0.79899,1
0.068747,0
0.047317,0
0.45043,1
0.17861,0
0.11056,0
0.77208,1
0.14872,0
0.2656,0
0.23346,1
0.17144,0
0.23369,0
1.3089,1
0.20975,0
0.14154,0
0.11018,0
0.22244,0
0.13872,0
0.1653,0
0.2421,0
0.11362,0
0.24884,0
0.42575,1
0.25216,0
0.4431,0
0.090409,0
0.85707,1
0.0842,0
0.12165,0
0.18485,0
0.40456,0
0.66892,1
0.48911,0
0.10967,0
0.24793,0
0.32793,0
0.14571,0
0.29084,1
0.12657,0
1.7241,1
0.58096,1
0.44259,1
0.22844,0
0.15497,0
0.36293,0
0.066668,0
0.12636,0
0.16164,0
0.47837,1
0.11975,0
0.34418,0
0.23112,0
0.42954,1
0.1639,0
0.17403,0
0.1964,1
0.10548,1
0.18563,0
0.37567,0
0.36429,1
0.093633,0
0.5996,1
0.13755,0
0.28382,0
0.22314,0
0.090306,0
0.32811,0
0.31397,0
0.13127,0
0.035199,0
0.85413,1
0.14913,0
0.11279,0
0.209,0
0.23358,0
0.18004,0
0.32831,0
0.13779,0
0.27131,1
0.12915,0
0.1891,0
0.22541,0
0.2789,0
0.13309,0
0.32121,1
0.19673,1
0.15298,0
0.076195,0
0.29943,0
0.11636,0
0.35207,0
0.56944,0
0.15494,1
0.46422,1
0.33088,1
0.13478,0
0.50479,0
0.15048,0
0.1784,0
0.058277,0
0.31084,0
0.33245,0
0.60656,0
0.45819,1
0.25142,0
0.3773,1
0.34118,0
0.1773,0
0.13685,0
0.083718,0
0.22581,0
0.39872,0
0.17539,0
0.2886,0
0.77911,1
0.57635,0
0.30346,0
0.34049,0
0.039871,0
0.31618,0
1.5333,0
0.05186,0
0.23094,0
0.10998,0
0.31932,0
0.43918,0
0.084034,0
0.10521,0
0.34059,0
0.054214,0
0.054214,0
0.36322,0
0.20637,0
0.26666,0
0.17461,0
0.29627,0
0.24288,0
0.40704,1
0.43004,0
0.18876,0
0.81169,1
0.31644,0
0.19259,0
0.080651,0
0.35775,0
0.42068,0
0.063844,0
0.19899,0
0.071713,0
0.31812,0
0.084836,1
0.15562,1
0.6053,0
0.034029,0
0.073205,0
0.292,0
0.017702,0
0.16777,0
0.27405,0
0.13785,0
0.071432,0
0.13009,0
0.12216,0
0.14053,1
0.10841,0
0.33555,1
0.053775,0
0.32619,1
0.20082,0
0.12961,0
0.15801,0
0.10016,0
0.10208,0
0.23773,0
1.2686,1
0.55679,1
1.2216,1
0.27443,1
1.475,1
0.43099,0
0.42999,0
0.22133,0
0.29592,0
0.17796,0
0.3769,0
0.35196,0
0.46023,0
0.1676,0
0.41635,1
1.415,1
0.47991,0
0.79944,1
0.21942,0
0.33467,0
0.29687,0
0.42643,0
0.076671,0
0.10622,0
0.22947,0
0.09114,0
0.24265,0
0.095672,0
0.22439,0
0.10669,0
0.22562,1
0.10314,0
0.18546,0
0.17496,0
0.2859,0
0.060832,0
0.18396,0
7.5114,1
0.093856,0
0.21692,0
0.10909,0
0.24497,0
0.55929,0
0.086919,0
0.19964,1
0.16438,0
0.049886,0
0.22776,0
0.30223,0
0.68282,0
0.29036,0
0.15688,0
0.36977,0
0.1496,0
0.20003,0
0.083267,0
0.049353,0
0.15283,0
0.34879,0
0.15981,0
0.14445,0
0.37002,1
0.74464,1
0.20124,0
0.36804,0
0.10287,0
0.42892,0
0.25575,0
0.22317,0
0.40725,1
0.33631,0
0.43073,1
0.095492,0
0.18721,0
0.1007,0
0.48025,1
1.8212,1
0.091822,1
0.035005,0
0.53166,1
0.10759,0
0.044664,0
0.24309,0
0.15006,0
0.35056,0
0.23215,1
0.29,0
0.083266,1
0.14746,1
0.25314,1
0.50675,1
1.5838,1
0.11222,0
0.1334,0
0.055925,0
0.10963,1
0.078116,1
0.14461,0
0.16237,0
0.096433,0
0.29495,0
1.3855,1
0.27127,0
0.19983,0
0.1995,0
1.2807,0
0.24892,0
0.17609,0
0.13981,0
0.48257,1
0.043896,0
0.32433,0
0.3717,0
0.15061,0
0.47637,1
0.15384,0
0.063794,0
0.17461,0
0.073054,0
0.14671,0
0.46988,0
0.30957,0
0.55426,1
0.11211,0
0.23924,0
0.037034,0
0.23701,0
0.30639,0
0.25822,0
0.15092,0
0.16745,0
0.041324,0
0.10016,0
0.10418,0
0.31901,0
0.12657,0
0.39214,0
0.46392,0
0.51806,1
0.22233,0
0.19982,0
0.1097,0
0.3183,0
0.098335,0
0.57204,0
0.27517,1
0.30799,0
0.86762,1
0.25881,1
0.35836,1
0.24643,0
0.47732,0
0.22091,0
0.19968,0
0.15857,1
0.14007,0
0.25945,1
0.41249,1
0.3299,1
1.6311,1
0.077237,0
0.22745,0
0.065341,0
0.19394,0
0.17166,1
0.21649,0
0.56863,1
0.27931,0
0.12771,0
0.077592,0
0.054682,0
0.34775,0
0.078571,0
0.1316,0
0.018316,1
0.098995,0
0.30497,0
0.34365,0
0.17163,1
0.057232,0
0.11035,0
0.15445,0
0.20058,0
0.21357,0
0.11709,0
0.097389,0
0.41863,0
0.34643,0
0.12006,1
0.15055,0
0.055368,0
0.22412,0
0.045896,0
0.93722,0
0.13986,0
0.16351,0
0.056289,0
0.15482,0
0.31215,0
0.45725,0
0.18656,0
0.19911,0
0.16501,0
0.16597,0
0.26494,0
0.056661,0
0.41721,0
0.48336,1
0.3017,1
0.30608,0
0.17827,0
0.061233,0
0.19088,0
0.42739,1
0.53836,1
0.10879,0
0.059242,0
0.28627,0
0.25801,0
0.19874,0
0.090163,0
0.13228,0
0.24034,1
0.34583,0
0.18666,0
0.37143,0
0.17986,0
0.36247,0
0.028662,1
0.21235,0
0.40046,0
0.086224,0
0.25022,0
0.047994,0
0.80256,1
0.7571,1
0.073818,0
0.25338,1
0.31228,0
0.15606,0
0.19353,0
0.68636,1
0.32389,0
0.31734,1
0.20011,0
0.20756,0
0.15068,0
0.079945,0
0.46349,0
0.10253,0
0.045698,0
0.32311,0
0.083093,0
0.082428,0
0.30228,0
0.16087,0
0.30835,0
0.28934,0
0.24366,0
0.021597,0
0.042218,0
0.33062,0
0.27875,0
0.27359,0
0.28554,0
0.14398,0
0.1826,0
0.079602,0
0.12933,0
0.95928,0
0.082444,0
0.14863,0
0.18069,0
0.22959,0
0.10141,0
0.076516,0
0.12937,0
0.069589,0
0.26601,1
0.37614,0
0.18826,0
0.33193,0
0.18847,0
0.16061,0
0.28734,0
0.096603,0
0.050987,0
0.18266,0
0.31311,0
0.044578,0
0.17027,0
0.16598,0
0.083799,0
0.17737,0
0.14817,0
0.18858,0
0.045031,0
0.3376,1
0.10823,0
0.48,1
0.19266,0
0.067059,0
0.15666,0
0.3532,1
0.11839,0
0.1749,0
0.48905,0
0.52953,0
0.094007,0
0.068875,0
0.13444,0
0.088478,0
0.32996,0
0.13443,0
0.13472,0
0.05592,0
0.3078,1
0.068795,0
0.11557,0
0.12037,0
1.7478,1
0.18395,0
0.10518,0
0.020484,0
0.30369,0
0.044343,0
0.23602,0
0.47272,0
0.086644,0
0.060729,0
0.25896,0
0.47202,0
0.19189,0
1.7916,1
0.3991,1
0.29944,0
0.32743,1
0.086753,0
0.13246,0
0.22757,0
0.055032,0
0.090898,0
0.30026,0
4.953,1
0.16827,0
0.048475,0
0.12973,0
0.2346,0
0.17243,0
0.13136,0
0.23881,0
0.21737,0
0.29992,1
0.23733,1
0.84843,1
0.27951,1
0.11085,0
0.12857,0
0.13727,0
0.073131,1
0.08355,0
0.18629,0
0.15876,0
0.28562,0
0.48269,0
0.07856,0
0.16583,0
0.22529,0
0.11908,0
0.18102,0
0.32266,0
0.70439,1
0.14413,0
0.18323,0
0.21637,0
0.096581,0
0.17621,0
0.086009,0
0.086009,0
0.078366,0
0.23705,0
0.19259,0
0.10838,0
0.21637,1
0.31943,0
0.12807,0
0.16158,0
0.62462,1
0.1457,0
0.3017,0
0.24597,0
0.24017,0
0.20302,0
0.20288,0
0.12074,0
0.097671,0
0.37554,0
0.4057,0
3.1419,1
0.21643,0
0.12374,0
0.29374,0
0.028098,0
0.096194,0
0.20829,0
0.054547,0
0.43321,0
0.14582,0
0.86146,1
0.17941,0
0.070253,0
0.27088,0
0.21191,0
0.18076,0
0.077851,0
0.24615,1
0.26946,0
0.17871,0
0.088677,0
2.6908,1
0.089123,0
0.17781,0
0.44944,1
0.089611,0
0.16302,0
0.13796,0
0.21663,0
0.26408,0
0.15188,0
0.10844,0
0.22996,0
0.29145,0
0.65883,0
0.19566,0
0.11259,0
1.9365,1
0.15937,0
0.66186,1
0.1015,0
0.18248,0
1.7585,1
0.29827,0
0.2615,1
0.30727,0
0.15921,0
0.19125,0
0.13832,0
0.32848,0
1.9775,0
1.3644,1
0.3793,1
0.35776,0
0.080382,0
0.12711,0
0.349,1
0.14944,0
0.23038,0
0.11681,0
0.12098,1
0.070196,0
0.289,1
0.5437,0
0.29926,0
0.067804,0
0.19339,0
0.23485,1
0.090668,0
0.33355,0
0.46931,1
0.12432,0
0.055506,0
0.10307,0
0.21208,0
0.050268,0
0.3378,0
0.21964,0
0.27257,0
0.86011,1
0.10643,1
0.456,0
4.1253,1
0.22273,0
0.10076,0
0.165,0
0.2726,0
0.11481,0
0.18309,0
0.1835,0
0.08139,0
0.4326,0
0.49172,0
0.15855,0
0.1304,0
0.047058,0
0.2243,0
0.10581,0
0.21394,0
0.04267,0
0.21497,0
0.44889,1
0.080429,0
0.1365,0
0.22698,0
0.075544,0
0.23173,0
0.32386,0
0.48176,0
0.098212,0
0.26446,0
0.083527,0
0.083341,0
0.11063,0
0.22921,0
0.19098,0
0.22049,0
0.18365,0
0.11202,1
0.24287,0
0.051461,0
0.38247,0
0.27505,0
0.11972,0
0.14942,0
0.10765,0
0.24301,0
0.042019,0
0.44131,0
0.17283,0
0.13481,0
0.10035,1
0.10157,0
0.14821,0
0.46689,1
0.4293,1
0.069824,0
0.64156,1
0.28879,0
0.37856,0
0.2991,0
0.088624,0
0.27469,0
0.43064,0
0.29343,1
0.27894,0
0.23568,0
0.141,0
0.14842,0
0.068481,0
0.30326,0
0.24376,0
0.28536,0
0.24225,0
0.77239,1
0.098096,0
0.19449,0
0.028201,1
0.22891,0
0.075344,0
0.94998,0
0.67198,1
0.1323,0
0.10304,0
0.12077,0
0.12282,0
0.26049,0
0.081691,0
0.11127,0
0.1214,0
0.16466,0
0.071876,0
0.21147,1
0.18458,1
0.26888,0
0.551,0
0.28995,0
0.16496,1
0.20669,0
0.19487,1
0.17096,0
0.20578,0
0.078369,0
0.074905,0
0.15976,0
0.092253,0
0.1934,0
0.37535,0
0.34123,0
0.61549,1
0.11801,0
0.27481,0
0.23587,0
0.35861,0
0.11012,0
0.076569,0
0.15236,0
0.43545,0
0.30656,1
0.14934,0
0.33185,0
0.087373,0
2.9582,1
0.18494,0
0.092223,0
0.25826,0
0.2343,0
0.055549,0
0.24611,0
0.15593,0
2.3483,1
0.86803,1
0.24444,0
0.12119,0
0.59267,1
0.37591,1
0.19772,0
0.27656,0
0.17948,0
0.075539,0
0.15435,0
0.19064,1
0.19577,1
0.19376,1
0.2566,0
0.081827,0
0.43195,0
0.43898,0
0.07898,0
0.47242,0
0.27886,0
0.067786,0
0.58186,1
0.16543,0
0.056997,0
0.33894,0
0.15824,0
0.12524,0
0.48365,1
0.07041,0
0.38421,0
0.15703,0
1.3396,1
0.26863,0
0.12767,0
0.093278,0
0.071938,0
0.33095,0
0.38145,1
0.077287,0
0.099978,0
0.072481,0
0.085764,0
0.073338,0
0.1736,1
0.070366,0
0.074305,0
0.18724,0
0.30488,0
0.27262,0
0.18683,0
0.11672,0
0.13309,0
0.19218,0
0.56695,1
0.13388,0
0.36063,0
0.061902,0
2.8703,1
0.061409,0
0.28659,0
0.10553,0
0.37332,0
0.16115,0
0.40599,0
0.4162,0
0.042017,0
0.3087,0
0.099919,0
0.26167,0
0.22374,0
0.12851,0
0.04291,0
0.1521,0
0.12687,0
0.303,0
0.18793,0
0.22081,0
0.30787,1
0.085801,1
0.14672,0
0.083609,0
0.16673,0
0.14041,0
0.33997,0
0.41435,0
0.22998,0
0.46305,1
0.20733,0
0.3348,0
0.24028,0
0.17481,0
0.24982,1
0.34157,0
0.40447,1
0.1992,0
0.14647,0
0.22609,0
0.8448,1
0.11708,0
0.092243,0
0.30398,0
0.33372,0
0.13503,0
0.30096,0
0.094945,0
0.1593,0
0.20301,0
0.084295,0
0.2177,0
0.23441,0
0.35111,0
0.16005,0
0.16153,0
0.12777,0
0.13525,0
0.25985,0
0.9708,1
0.079041,0
0.47408,1
0.3939,0
0.18172,0
0.10008,0
0.10517,0
0.23521,0
0.35993,0
0.37636,1
0.16538,0
0.26909,0
0.22875,1
0.44607,0
0.38143,0
0.30162,0
0.7044,1
0.28806,0
0.53854,1
22.522,1
0.26786,0
0.33261,1
0.064784,0
0.069995,0
0.089508,0
0.24646,0
0.34922,0
0.17489,0
0.18996,0
0.26604,0
0.22979,0
0.096492,0
0.14368,0
0.066898,0
0.074068,0
0.16393,0
0.34348,0
0.82954,1
0.14559,0
0.20069,0
0.18054,0
0.17126,0
0.071718,0
0.50415,1
0.20505,0
0.094332,0
0.14574,0
0.88293,1
0.55344,0
0.14199,0
0.38484,0
0.39375,0
0.043402,0
0.10892,0
0.22296,0
0.49842,1
0.26419,0
0.40448,0
0.11049,0
0.09279,0
0.13861,0
0.31464,0
0.11394,0
0.39079,0
0.11518,0
0.16952,0
0.32175,1
0.047637,0
0.18764,0
0.19393,0
0.17615,0
0.82213,1
0.14324,0
0.16422,0
0.2339,0
0.10918,0
0.061739,0
0.29723,0
0.10271,0
0.37533,1
0.093687,0
0.11513,0
0.15517,0
0.19612,0
0.13948,0
0.56983,1
0.12521,0
0.62428,0
0.097341,0
0.49411,0
0.21168,0
0.13157,0
0.29023,0
0.24213,0
0.20374,0
0.096685,0
0.052224,1
0.04092,0
0.076268,0
0.14643,0
0.089039,0
0.083931,0
0.090369,0
0.13305,0
0.12213,0
0.13742,0
0.12706,0
0.93064,0
0.21524,0
0.49175,0
0.10718,0
0.23267,0
0.36115,0
0.11213,0
0.066484,1
0.17795,0
0.10126,0
0.19096,0
0.06976,0
0.39726,1
0.51024,0
1.5708,1
0.39672,1
1.6494,1
0.069006,0
0.22073,0
0.038274,0
0.22341,0
0.32453,1
1.0513,1
0.56908,1
0.17372,0
0.053464,0
0.11259,0
0.17067,0
0.16511,0
0.23252,1
0.24849,0
0.2121,0
0.067914,0
0.13883,0
0.43174,0
0.31169,0
0.21183,0
0.42338,0
0.18783,0
0.19579,0
0.24032,0
0.12955,0
0.24065,0
0.16681,0
0.23432,0
0.26124,1
0.41687,1
0.26268,1
0.34299,0
0.36202,0
0.47818,1
0.20876,0
0.20719,0
0.18299,0
0.11413,0
0.18734,0
0.22843,0
0.37004,0
0.31076,0
0.14161,1
0.12864,0
0.31568,0
0.20061,0
0.57266,1
0.13212,0
0.11207,0
0.22223,0
0.047579,0
0.083941,0
0.60959,0
0.46934,0
0.19153,0
0.24898,0
0.22838,0
0.17043,1
0.17823,0
0.19614,0
0.16856,0
0.52074,1
0.45559,0
0.38684,0
0.74136,1
0.18787,0
0.13802,1
0.22067,0
0.23351,0
0.20192,0
0.20791,0
0.33005,0
0.080987,0
0.12422,0
0.19932,0
0.25008,0
1.245,1
0.20846,0
0.075189,0
0.25867,0
0.10151,0
0.39304,0
0.078347,0
0.11309,0
0.46899,1
0.085614,0
0.12337,0
0.80282,1
0.13294,0
1.3802,0
0.26068,0
0.15743,0
0.086979,0
0.20658,0
0.060865,0
0.078672,0
0.45855,1
1.393,1
0.10765,0
0.74616,1
0.48012,1
0.15711,0
0.096209,0
0.16581,0
0.2768,0
0.45476,0
0.24038,0
0.36449,1
0.2435,0
0.086755,0
0.19121,0
0.22084,1
0.41387,1
0.50981,0
0.27917,1
0.11425,0
0.085954,0
0.35881,1
0.33615,0
0.45048,0
0.24424,0
0.21342,0
0.076257,0
0.33381,0
0.15887,0
0.16816,0
0.1504,1
0.83227,1
0.052702,0
0.24093,0
0.041987,0
0.079001,0
0.080208,0
0.24266,0
0.292,0
0.29495,0
0.18303,0
0.17919,0
0.2435,0
0.11879,0
0.13349,0
0.33078,0
0.30349,0
0.29166,0
1.4232,1
0.40979,1
0.056351,0
0.27582,0
0.39782,0
0.12343,0
0.14906,0
0.76582,1
0.031354,0
0.068299,0
1.8238,1
0.20471,0
0.24278,1
0.85556,1
0.12824,0
0.62999,1
0.83586,1
1.1014,1
0.21832,0
0.31611,0
0.24607,1
0.10613,0
0.3119,0
0.37111,0
0.096982,0
0.2608,0
0.097318,0
0.23027,0
0.14855,0
0.42388,0
0.32753,1
0.1363,0
0.058088,1
0.17161,0
0.034891,0
0.35252,0
0.2683,1
0.10407,0
0.17278,0
0.074427,0
0.10672,0
0.08618,0
0.033793,1
0.17122,0
0.4667,0
0.66172,1
0.33369,1
0.38415,1
0.1048,0
0.083017,0
0.15649,0
0.36496,0
0.086508,0
1.0915,1
0.26911,0
7.0254,1
0.1866,0
0.041071,0
0.47422,0
0.40179,1
0.14159,0
0.38006,0
0.14717,0
0.049137,0
0.50922,1
0.14805,0
0.2718,0
0.082734,0
0.3912,0
0.47095,1
0.20299,1
0.19132,1
0.090022,0
0.34452,0
0.17419,0
0.18184,0
0.088099,0
0.63597,1
0.44532,0
0.10095,0
0.078586,0
0.24315,0
0.17397,0
0.14254,0
0.41199,1
0.057395,0
0.075829,0
0.1048,0
0.086831,0
0.26042,0
0.32093,0
0.15727,0
0.36626,0
1.2461,1
0.21825,0
0.17751,0
0.097345,1
0.2408,0
0.31212,0
0.17025,0
0.17211,0
0.15498,0
0.1679,0
0.24169,1
0.3978,0
0.46256,0
0.040373,0
0.32112,1
0.1535,0
0.10535,0
0.53296,0
0.050006,0
0.11847,0
0.15891,0
1.5871,1
0.38238,0
0.27638,0
0.5553,0
0.39086,0
0.26751,0
0.11916,0
0.12659,0
0.17296,0
0.27404,1
0.12501,0
0.21508,0
0.38992,1
0.22451,0
0.1673,0
0.23299,0
0.39783,1
0.046316,0
0.069062,0
0.20881,0
0.84443,1
0.47539,0
0.05129,0
0.21437,0
0.073844,0
0.040969,0
0.36287,0
0.28153,0
0.1359,0
0.25693,0
0.10814,0
0.12804,0
0.35059,0
1.0699,0
0.21003,0
0.061433,0
0.16945,0
0.30842,0
0.32407,1
0.034204,0
0.12931,0
0.3995,0
2.0105,1
0.15713,0
0.073683,0
0.58887,1
0.11383,0
0.12837,0
0.073538,0
0.086134,0
0.19541,1
0.15321,0
0.058536,0
0.32401,0
0.17605,0
0.077374,0
0.36959,1
0.19503,0
0.52328,1
0.33168,1
0.21521,0
1.5387,1
0.18166,0
0.062766,0
0.51749,1
0.066325,0
0.11366,0
0.16365,0
0.56712,1
0.095611,0
0.30307,0
0.44515,0
1.3186,1
0.27779,1
0.32797,0
0.095016,0
0.28929,0
0.1117,0
0.13823,0
0.42186,1
0.20379,0
0.10278,0
0.30532,0
0.15396,0
0.12674,0
0.23528,1
0.30065,0
0.016984,0
0.063132,0
0.074234,0
0.43597,0
0.22645,0
0.28549,0
0.34408,1
0.27531,0
0.12729,0
0.20844,0
0.27861,0
0.36047,0
0.37961,0
0.50671,1
0.11158,0
0.18756,0
0.3473,0
0.41399,0
0.76247,0
0.067289,0
0.19751,0
0.36083,0
0.34694,0
0.28446,0
0.31727,1
0.10334,0
0.48777,1
0.030148,0
0.44504,1
1.3935,1
0.37835,0
0.41337,1
0.15869,0
0.24715,1
0.26581,0
0.14988,0
0.28956,0
0.059519,0
0.21818,0
0.15358,0
0.19771,0
0.16265,0
0.12169,0
0.12194,0
0.037682,0
0.058331,0
0.084399,0
0.10189,0
0.27467,0
0.11716,0
0.13069,0
0.5505,0
0.199,0
0.20849,0
0.48193,0
0.16267,0
0.24445,1
0.062832,0
0.22994,0
0.10681,0
0.18374,0
0.1499,0
0.44835,0
1.4693,1
0.11532,0
0.10915,0
0.79367,1
0.4364,1
0.35255,0
0.23707,1
0.083791,0
0.21844,0
0.15012,0
0.10889,0
0.39861,0
8.6483,1
0.26707,0
0.12097,0
0.14888,1
0.50041,1
1.3508,1
0.10691,0
0.049827,0
0.18233,0
0.21572,0
0.51378,1
0.3286,0
0.21181,0
0.092902,1
0.075891,0
0.25616,1
0.066627,0
0.061885,0
0.084231,0
0.47775,1
0.28681,0
0.60818,1
0.34011,0
0.31553,0
0.45065,0
0.21316,1
0.18925,0
0.069863,0
0.29711,0
0.17757,0
0.26174,0
1.541,0
0.73497,0
0.19242,0
0.12476,0
0.067292,0
0.23558,0
0.12907,0
0.31443,1
0.29618,0
0.21085,0
0.15119,0
0.12141,0
0.32916,1
0.43768,0
0.25544,0
0.27422,0
0.27867,0
0.097149,0
0.24776,0
0.2348,0
0.3242,0
0.082669,0
0.29779,0
0.23582,0
0.12752,0
0.4097,1
0.52773,0
0.13019,0
0.031161,0
0.59013,0
0.33815,1
0.24786,0
0.20442,0
0.27212,0
0.084416,0
0.27835,0
0.38863,0
0.18525,0
0.055156,0
0.1418,0
0.1657,0
0.10594,0
0.084617,0
0.17117,0
0.10004,0
0.097906,0
0.14791,0
0.19916,0
0.67008,1
0.18301,1
0.15231,0
0.14506,1
0.27686,0
0.24535,0
0.10259,0
0.13821,0
0.42429,0
0.21593,0
0.1424,0
0.41008,1
0.11829,0
0.29953,1
0.13972,0
0.14152,0
0.10217,0
4.5783,1
0.20818,0
0.14519,0
0.065656,0
0.17132,0
0.09605,0
0.14113,0
0.2169,0
0.23636,0
0.13531,0
0.2073,0
0.25298,0
0.098976,0
0.21945,0
0.37077,1
2.3092,1
0.33184,1
0.22663,1
0.10215,0
0.12607,0
0.16489,0
0.06063,0
0.099921,0
0.059628,0
0.56351,0
0.45339,1
0.32607,0
0.2585,0
0.062482,0
0.20828,0
0.16237,0
0.036797,0
0.20915,0
0.30256,0
0.25487,0
0.2032,0
0.089026,0
0.10806,0
0.19534,0
0.17709,0
0.050853,1
0.16726,0
0.23711,0
0.09197,0
0.071996,0
0.52895,1
0.65456,1
0.18706,0
0.23338,0
0.10982,0
0.056829,0
1.2747,1
0.20128,1
0.22284,0
0.12312,1
0.39611,0
1.3493,1
0.35958,0
1.1476,1
0.06464,0
0.32668,1
0.056648,0
0.35865,0
0.31124,0
0.22305,0
0.5649,1
0.24302,0
1.0617,1
0.15735,0
0.97125,1
0.087296,0
0.08643,0
2.1139,1
0.12728,0
0.13456,0
0.18677,0
0.037987,0
0.26088,0
0.1746,0
0.13003,0
0.063184,0
0.11003,0
0.19287,0
0.055189,0
0.099664,0
0.14814,0
0.22677,0
0.32753,0
0.27658,0
0.26022,1
0.092055,0
0.11871,0
0.18723,0
0.26366,0
0.15469,0
0.11149,0
0.16656,0
0.12099,0
0.17136,1
0.092425,0
0.073584,0
0.065573,0
0.32402,0
0.21116,0
0.19019,0
0.1957,0
0.11555,0
0.11399,0
0.44616,1
0.31339,1
0.31577,1
0.20547,1
0.24327,0
0.055607,0
0.073366,0
0.16387,0
0.15362,1
0.27463,0
0.10429,0
0.16144,0
0.35736,1
0.097412,0
0.27586,1
0.29879,0
0.48963,0
0.10079,0
0.34772,1
0.26273,0
0.41014,1
0.40195,1
0.11629,0
0.32929,1
0.031636,0
0.94363,1
0.31546,0
0.10759,0
0.14768,1
0.19848,0
0.42877,0
0.21485,1
0.53978,1
0.30374,1
0.12457,0
0.18356,0
0.03104,0
0.11332,0
0.12725,0
0.17844,0
0.16708,0
0.27322,0
0.39202,0
0.59608,0
0.49432,1
0.34734,0
0.073905,0
0.85294,1
0.71329,1
0.10667,0
1.8026,1
0.20405,0
0.32031,0
0.45128,0
0.1728,1
0.20611,0
0.10286,0
0.34931,1
0.46426,1
0.21802,0
0.39563,1
0.12297,0
0.26684,0
0.30437,0
0.1356,0
0.31131,1
0.1731,0
0.17057,0
0.14564,0
0.068509,0
0.12544,0
0.26971,0
0.10079,0
0.54888,1
0.41419,1
0.29751,0
0.49716,1
0.3047,0
0.15222,0
0.88353,1
0.86827,0
0.20842,0
0.13613,0
0.18671,0
0.69383,0
0.19024,0
0.50898,1
0.11144,1
0.064546,0
0.3907,0
0.085508,1
0.086606,0
0.65926,0
0.29318,0
0.12498,0
0.16817,0
0.28801,0
0.2619,0
0.20114,0
0.080459,0
0.91834,0
0.79665,1
0.074308,0
0.12717,0
0.23039,0
0.6709,1
0.044034,0
0.31267,0
0.33072,0
0.31124,0
0.28124,0
0.53004,1
0.089824,0
0.1913,1
0.16964,0
0.2526,0
0.17312,0
0.092756,0
0.10203,0
0.14781,1
0.11633,0
0.61891,1
0.1324,0
0.48586,1
0.32858,0
0.042529,0
0.21093,0
0.37192,1
1.2378,1
0.31918,1
0.16601,0
0.39294,1
0.16085,0
1.8257,1
0.45394,0
0.19318,0
0.15476,0
0.25762,0
0.1184,0
0.8515,1
0.13336,0
0.18182,0
0.20515,0
0.049163,0
0.27506,0
0.20713,0
0.35923,1
0.053701,0
0.064184,0
0.19579,0
0.40742,0
1.8041,1
0.092353,0
1.2079,1
0.27427,0
0.30146,0
0.23153,0
0.056014,0
0.64118,0
0.22857,0
0.52834,0
0.18729,0
0.12556,0
0.17146,0
0.12365,0
0.065662,0
0.105,0
0.091251,1
0.053927,0
0.5494,1
0.13647,0
0.068902,0
0.063556,0
0.29882,0
0.098209,0
0.12963,0
0.10743,0
0.1462,0
0.44644,1
0.47132,0
0.20265,0
0.19417,0
0.096015,0
0.029732,0
0.32245,0
0.044855,0
0.053454,0
0.46003,0
0.087415,0
0.087415,0
0.21284,0
0.45492,0
0.095876,0
0.17547,0
0.44315,0
0.041142,0
0.25107,0
0.13257,0
0.35419,0
0.14966,0
0.044443,0
0.38202,0
0.11751,0
0.31971,0
0.086976,0
0.1093,0
0.084517,0
0.28241,0
1.4364,1
0.14771,0
0.33045,1
0.41646,0
0.24527,0
0.12177,0
0.32362,0
0.12973,0
0.16844,0
0.10144,0
0.25633,0
0.44854,0
0.28897,0
0.064241,0
0.53737,0
0.11587,0
0.17627,1
0.34261,0
0.098521,0
0.14424,0
0.084137,0
0.14441,0
0.18954,0
0.40938,1
0.064958,0
0.077827,0
0.42885,1
0.11203,0
3.3295,0
0.046336,0
0.15702,0
0.055085,0
0.090341,0
0.54423,0
0.39598,0
0.14246,0
0.24478,1
0.068058,0
0.88264,1
0.064803,0
0.57665,1
0.30535,0
1.4333,0
0.53436,1
0.070952,0
0.14261,0
0.14552,0
0.35279,0
0.23135,0
0.30539,0
0.30024,0
0.20607,0
1.6551,1
0.27152,0
0.32976,0
0.3847,0
0.10864,0
0.053942,0
0.25011,0
0.12791,0
1.9494,1
0.20556,0
0.31585,1
0.16934,0
0.21311,0
0.1424,1
0.4786,1
0.23232,0
0.23308,0
0.38214,0
0.2757,0
0.21708,0
0.25109,0
0.090159,0
0.22035,0
0.43198,0
0.16733,1
0.33285,1
0.045592,0
0.06345,0
0.19736,0
0.15064,0
0.21622,0
0.36267,0
1.3807,1
0.25111,0
0.39057,0
0.20866,0
0.2382,0
0.48304,0
0.34822,1
0.12371,0
0.37039,0
0.10938,1
0.22649,0
0.291,0
0.21253,0
0.4197,0
0.14603,0
0.12103,0
0.38112,0
0.30557,0
0.10537,0
0.16816,1
0.31284,1
0.16756,1
0.12115,0
0.24284,0
0.17038,0
0.34447,0
0.095502,0
0.15051,0
1.8108,1
0.06094,0
0.21054,0
0.13291,0
0.055711,0
0.25591,0
0.1563,0
0.28217,0
0.11213,0
0.27075,0
0.077859,0
0.37439,0
0.17094,0
0.23354,0
0.12083,0
0.19882,0
0.19349,0
0.23921,0
0.19475,0
0.12104,0
0.17516,0
0.067849,0
0.2276,0
0.24382,0
0.82133,1
0.041342,0
0.30889,0
0.70046,1
0.10251,0
0.091307,0
0.21863,0
0.14358,0
0.50868,1
0.17813,0
0.18595,0
0.70713,1
0.76356,1
0.22782,0
0.11132,0
0.23023,0
0.10924,0
0.14584,0
0.028567,0
0.14836,0
0.13743,0
0.26507,0
0.22397,0
0.29745,1
0.18255,0
0.18255,0
0.43302,1
0.1257,0
0.64638,0
0.19671,0
0.14906,1
0.19991,0
0.48831,1
0.23873,0
0.2617,1
0.1035,0
0.21151,0
0.27814,0
0.29713,0
0.1172,0
0.30776,0
0.16064,0
0.19487,1
0.029107,0
0.080816,0
0.26732,0
0.31331,0
0.22824,1
0.24361,0
0.067501,0
0.28877,0
0.22811,0
0.20689,0
0.20337,0
0.19192,0
0.11902,0
0.14191,0
0.10464,0
0.30186,0
0.1931,0
0.31577,1
0.325,0
0.050145,0
0.17658,0
0.18886,0
0.097309,0
0.13847,0
0.19266,0
0.4746,0
0.039178,0
0.11414,0
0.21235,0
0.13547,0
0.22526,0
0.24464,0
0.487,0
0.04873,0
0.26541,0
0.16093,0
0.18576,0
0.26594,0
0.38734,0
0.076517,0
0.10091,0
0.18197,1
0.18215,0
0.11578,0
0.2211,0
1.1728,1
0.19535,1
0.1124,0
0.045876,0
0.32515,0
0.20228,0
0.32036,0
0.066181,0
0.25893,0
0.80146,1
0.27114,0
0.19395,0
0.32853,0
0.087314,0
0.20764,0
0.09981,0
0.12409,0
0.071844,0
0.061764,0
0.084597,0
0.49662,1
0.15906,1
1.2429,1
0.52051,1
0.047921,0
0.3542,0
0.20026,0
0.075226,0
0.72679,1
0.13348,0
0.22887,0
0.088249,1
0.4185,0
1.4981,1
0.10809,0
0.22904,0
0.059159,0
0.16884,0
0.19811,0
0.29873,0
0.027146,0
0.13756,1
0.075042,0
0.078161,0
0.34281,1
0.17028,0
0.15051,0
0.16288,0
0.36591,1
0.3037,1
0.24643,0
0.23702,0
1.0787,1
0.10599,0
0.093301,1
0.29157,0
0.20435,0
0.11374,0
0.1861,0
0.12695,0
0.29032,0
0.19771,0
0.15071,0
0.09253,0
0.16023,0
1.6532,1
0.23425,0
0.04669,0
0.076656,0
0.13022,0
0.065868,0
0.32922,1
0.15789,0
0.12357,0
0.496,1
2.0843,0
0.48243,1
0.17534,0
0.14608,0
0.36659,0
0.16711,1
0.15967,0
0.18161,0
0.13115,0
0.28695,0
0.23125,0
0.10668,0
0.2649,0
0.31982,0
0.29209,0
0.069274,0
0.08469,0
0.79381,0
0.193,0
0.052308,0
0.072211,0
0.17436,0
0.28762,0
0.26476,0
0.34274,0
0.78578,1
0.24878,0
0.1415,0
0.34139,0
0.18982,0
0.18513,0
0.36563,0
0.32803,1
0.11253,0
0.3439,0
0.20881,0
0.3244,0
0.076568,0
0.27851,0
0.1092,0
0.18278,0
0.73991,1
0.038766,0
0.07399,0
0.14316,0
0.17232,1
0.051648,0
0.12061,0
0.11713,0
0.10774,0
0.25578,0
0.21351,0
0.13401,0
0.52485,1
0.20415,1
0.21766,0
0.061721,0
0.12899,0
0.80249,1
0.33114,1
1.2062,1
0.092129,1
0.45023,0
0.33635,0
0.26905,0
0.59508,1
0.26661,0
0.41119,0
0.058914,0
0.28777,0
0.050733,0
0.1809,1
0.18148,0
0.060083,0
0.19384,0
0.10402,0
0.16834,0
0.25418,0
0.37238,1
0.12952,0
0.13132,0
0.4451,1
0.064749,0
0.42445,0
0.32936,0
0.040832,0
0.17627,0
0.31281,0
0.070016,0
0.13816,0
0.15603,0
0.3858,0
0.18095,0
0.51162,0
0.75963,1
0.15413,1
0.23603,1
0.38021,0
0.29794,0
0.59351,1
0.55368,0
0.19219,0
0.2824,0
0.18365,0
0.28902,1
0.34737,0
0.046065,0
0.28477,0
0.2307,1
0.15151,0
0.079053,0
0.19242,0
0.35414,0
0.10623,0
0.15354,0
0.06753,0
0.16111,0
0.11081,1
0.51103,0
0.24323,0
0.15358,1
0.060994,1
0.25825,0
0.26684,1
0.10978,0
0.10675,0
0.25753,0
0.055227,0
0.053734,0
0.26564,0
0.32402,1
0.1925,0
0.051894,0
0.045886,0
0.3407,1
0.44286,1
0.14345,0
0.14345,0
0.17854,0
0.21822,0
0.075501,0
0.20618,0
0.14746,0
0.056477,0
0.046903,0
0.22016,0
0.35467,0
0.11126,0
0.22819,1
0.12771,0
0.39769,1
0.35609,0
0.080861,0
0.067773,0
0.13194,0
0.13745,0
0.17819,0
0.056157,0
0.19334,0
0.10663,0
0.26017,1
0.13317,0
0.15518,0
0.13524,0
0.21394,0
0.21292,0
0.1545,0
0.10567,0
0.17665,1
0.20926,0
0.11817,0
0.10539,0
0.20824,0
0.46956,0
0.41919,0
0.22499,0
0.33446,0
0.083065,0
0.10918,0
0.2025,0
0.038436,0
0.27589,0
0.58159,0
0.30103,0
0.046337,0
0.17116,0
0.43279,0
0.1854,0
0.44549,1
0.37831,0
0.12237,0
0.18139,0
0.44075,0
0.19073,0
0.15677,0
0.77939,1
0.37823,0
0.2451,0
0.075784,0
0.17024,1
0.081778,0
0.471,1
0.24459,0
0.09585,0
0.12523,0
0.1578,0
0.13272,0
0.23799,0
0.32785,1
0.16725,0
0.17675,0
0.3053,0
0.091672,0
0.44415,0
0.25102,0
0.57867,1
0.093271,0
0.30813,0
0.12541,0
0.21766,0
0.11983,0
0.11983,0
0.60329,1
0.23992,0
1.4587,1
0.28819,0
0.082902,0
0.082902,0
0.044504,0
0.22912,0
0.067319,0
0.24765,1
0.16951,0
0.28751,0
0.3468,0
0.16645,0
0.084213,0
0.18913,0
0.34055,0
0.12369,0
0.14097,0
0.1599,0
0.20716,0
0.45069,0
0.22415,0
0.31188,0
0.057016,0
0.18473,0
0.16566,0
0.22483,0
0.55137,0
0.1499,0
0.35713,0
0.16792,0
0.10579,0
0.084628,0
0.1013,0
0.52979,1
0.22833,0
0.29318,0
0.22056,0
0.15239,0
0.26565,0
0.22067,0
0.8147,1
0.18646,0
0.075827,0
0.16714,0
0.22195,1
1.7889,0
0.0461,0
0.16738,0
0.11784,0
0.1386,0
0.2739,0
0.17042,0
0.36365,0
0.44114,0
0.39527,1
0.26596,0
0.074069,0
0.2053,0
0.31176,1
0.34401,0
0.084282,0
0.30222,0
0.39282,1
0.086043,0
0.26167,0
0.17218,0
0.0176,0
0.21903,0
0.41669,0
0.16788,1
0.074761,0
0.12004,0
0.094984,0
0.19126,0
0.46164,0
0.29329,0
0.19517,0
0.15622,0
0.28406,0
0.16215,0
0.081878,0
0.092768,0
0.085306,0
0.28155,1
0.0801,0
0.20326,0
1.6348,1
0.20228,0
0.47401,0
0.11684,0
0.35105,1
0.19383,0
0.1958,0
0.31125,1
0.27255,0
0.17357,0
1.2571,1
0.21594,0
0.19854,0
0.50026,0
0.10916,0
0.2446,0
0.30716,0
0.13358,0
0.090261,0
0.26443,0
0.22394,1
0.14759,0
0.2141,0
0.11304,0
0.15978,0
0.17649,0
0.047419,0
0.34034,0
0.091617,0
0.1003,0
0.064945,0
0.085784,0
0.094424,0
0.3081,0
0.82035,0
0.52707,0
0.023318,0
0.66909,0
0.18845,0
0.23087,0
0.069355,0
0.44138,0
0.27427,0
0.48494,0
0.059127,0
0.039011,0
0.11382,0
0.30309,0
0.28327,0
0.20603,1
0.14651,0
0.27039,0
0.12964,0
0.086347,0
0.30879,0
0.47516,1
0.28939,0
0.35525,0
0.073739,0
0.13122,0
0.23083,1
0.071682,0
0.069152,0
0.46373,1
0.12911,0
0.10315,0
0.32341,0
0.21908,0
0.106,0
0.25838,0
0.17706,0
0.1779,0
0.24496,0
0.042042,0
0.44721,0
0.068016,0
0.17497,1
0.044677,0
0.2245,0
0.22436,0
0.036641,0
0.082521,0
0.48968,1
0.33109,0
0.18763,0
0.10496,0
0.17364,0
0.15766,0
0.099601,0
0.22565,0
0.24069,0
0.1561,1
0.14223,0
0.14223,0
0.41384,1
0.30105,0
1.6266,1
0.36379,1
0.32392,0
0.30413,0
0.40972,0
0.29912,0
0.13949,0
0.27419,0
0.16028,0
0.12685,0
0.47519,0
0.15587,0
0.20376,0
0.31409,0
0.72664,0
0.15437,0
0.16886,0
0.21047,0
0.094309,0
0.16473,0
0.057677,0
0.17698,0
0.14084,0
1.7598,1
0.087079,0
0.38407,0
0.078026,0
0.118,0
0.10415,0
1.7838,1
0.12062,0
0.32085,0
0.24612,0
0.41136,0
0.22038,0
0.47568,0
0.068863,0
0.17454,0
0.17789,0
0.22093,0
0.07574,0
0.091532,0
0.075095,1
0.070386,0
0.1095,0
0.28906,1
0.1824,0
0.17523,0
0.21642,0
0.22408,0
0.071465,0
0.36426,0
0.36229,1
0.065492,0
0.11089,0
0.16378,0
0.3737,0
0.131,0
0.25665,0
0.037569,1
0.10354,0
0.11296,0
0.12431,0
0.3791,0
0.15051,0
0.32534,0
0.1177,0
0.073956,0
0.87382,1
0.69062,1
0.14068,0
0.43322,1
0.29765,1
0.25562,0
0.33714,1
0.21748,0
0.57951,0
1.0607,1
0.090557,0
0.22047,0
0.9575,0
0.30727,0
0.27026,0
0.32027,0
0.16516,0
0.15435,0
0.069094,0
0.25036,0
0.13686,0
0.1366,0
0.080598,0
0.18639,0
0.28793,0
0.066832,0
0.11649,0
0.26484,0
0.098356,0
0.13053,0
0.11664,0
0.26315,0
0.33855,1
0.18306,0
0.20448,0
0.051174,0
0.35523,0
1.0996,1
1.8339,1
0.10657,0
0.14488,0
0.24764,0
0.17642,0
0.17173,0
0.070402,0
0.33792,1
0.25506,0
0.32079,0
0.085897,0
0.13732,0
0.15959,0
0.24434,1
0.25401,0
0.060479,0
0.39724,0
0.14371,1
0.1679,0
0.18613,0
0.034725,0
0.10283,0
0.048381,0
0.35492,0
0.21134,0
0.24333,0
0.14461,0
0.1305,0
0.086017,0
0.073781,0
0.80578,0
0.24412,0
0.20377,0
0.27703,0
0.11804,0
1.1995,1
0.095559,0
0.03528,0
0.17682,0
0.1399,0
0.84746,1
0.16383,0
0.18496,0
0.078608,0
0.17615,0
0.2495,0
0.26333,0
0.088864,0
0.092391,0
0.43894,1
0.36862,0
0.17513,0
0.21483,0
0.41229,0
0.24643,0
0.12332,1
0.10244,0
0.10911,0
0.091289,0
0.044108,0
0.34881,0
0.16168,0
0.27312,0
0.091191,0
0.18018,0
0.065764,0
0.072178,0
0.064957,0
0.48043,0
0.16938,0
0.49917,0
0.35372,0
0.097316,0
0.95614,1
0.071071,0
0.10656,0
0.48644,1
0.086803,0
0.31646,0
0.1793,0
0.1003,0
0.63579,0
0.30261,0
0.02468,0
0.20671,0
0.031256,0
0.37622,0
0.098165,0
0.099601,0
1.2567,1
0.11701,0
0.15166,0
0.12823,0
0.48176,0
0.52528,1
0.18335,0
0.50552,0
0.09144,0
0.42113,0
0.13712,0
0.042397,0
0.36234,0
0.18346,0
0.074048,0
1.2772,1
0.35835,1
0.20245,1
1.3147,1
0.16878,1
1.6567,1
0.26903,0
0.27539,1
0.22013,0
0.098036,0
0.39259,0
0.34197,0
1.0127,1
0.34919,0
0.22397,0
0.037129,0
0.23051,0
0.34043,0
0.29672,0
0.41315,0
0.14596,0
0.11732,0
0.4168,1
0.35119,0
1.3749,1
0.17108,0
0.14871,1
0.26514,0
0.36857,0
0.37371,0
0.045123,1
0.30364,1
0.20389,0
0.3921,0
0.96403,1
0.20317,1
1.1441,1
0.31178,0
0.11033,0
0.051938,0
0.12764,0
0.13229,0
0.5058,0
0.084057,0
0.31904,0
0.029108,0
0.23198,0
0.4551,1
0.2357,0
0.12656,0
0.16542,1
0.085164,0
0.25274,0
0.34416,1
0.18487,0
0.2761,0
0.20663,0
0.071707,0
0.20903,0
0.12147,0
0.2948,0
0.1995,0
0.22867,0
0.16809,0
0.077318,0
0.35624,1
0.17941,0
0.47901,1
0.36469,0
0.2438,1
0.26267,0
0.234,0
0.52005,0
0.25337,0
0.407,1
0.14397,0
0.43115,0
0.097568,0
0.16395,0
0.23473,0
0.29933,0
0.15542,0
0.21131,0
0.094313,0
0.089874,0
0.22242,0
0.2372,0
0.19153,0
0.10412,0
0.42395,1
0.083107,0
0.17103,0
0.086533,0
0.3285,1
0.28261,0
0.12643,0
0.019177,0
0.15684,0
0.24337,0
0.2496,0
0.13741,0
0.23895,0
0.11303,0
0.041867,0
0.022574,0
0.12563,0
0.85245,1
0.67617,0
0.23401,0
0.033639,0
0.18323,0
0.22539,0
0.17333,0
0.10279,0
0.15661,0
0.15191,0
0.095597,0
0.18819,0
0.19472,0
0.12447,0
0.091014,0
0.34557,0
0.16678,1
0.022054,0
0.096237,0
0.38188,1
0.041759,0
0.15509,0
0.39302,0
0.14852,0
0.11286,0
0.48153,1
0.23677,0
0.20535,0
0.11421,0
0.15401,1
0.14422,0
0.21273,0
0.23705,0
1.028,0
0.022579,0
0.11956,0
0.2091,0
1.2449,1
0.31816,0
0.08989,0
0.10517,0
0.39961,1
0.17624,0
0.082427,0
0.33449,0
0.21646,0
0.1561,0
0.30583,0
0.069022,0
0.055604,0
0.48005,0
0.17847,0
0.25813,0
0.10923,0
0.2426,0
0.1438,1
0.093992,0
0.10258,1
3.3573,1
0.24551,0
0.029863,0
0.086354,0
0.080351,0
0.25872,0
2.5711,1
0.17811,0
0.16407,0
0.096231,1
0.44017,1
0.11322,0
0.25329,0
0.20481,1
0.26658,0
0.86507,1
0.22028,0
0.30612,0
0.065145,0
0.47203,1
0.24502,1
0.30763,0
0.14879,0
0.25113,0
0.15709,0
0.094177,0
0.06545,0
0.23345,0
1.7179,1
0.55135,1
0.061706,0
0.41364,0
0.12135,0
0.073308,0
0.19662,0
0.077476,1
0.76936,1
0.091502,0
0.095815,0
0.32072,0
0.17993,0
0.14892,0
0.12384,0
0.354,1
0.048371,0
0.055765,0
0.10217,0
0.20303,0
0.12834,0
0.32723,1
0.37756,0
0.20494,0
0.49461,1
0.28911,0
0.44068,0
0.38037,1
0.86359,1
0.056229,0
0.025818,0
0.13007,1
0.049247,0
0.17925,0
0.15741,0
0.15254,0
0.58117,0
1.6336,1
0.32198,0
0.079406,0
0.10831,0
0.58081,1
0.29891,0
0.13045,0
0.3323,0
0.26481,0
0.33848,0
0.38285,0
0.27872,0
0.55871,1
0.09922,0
0.082979,0
0.24412,0
0.036132,0
0.75968,1
0.38463,1
0.1193,0
0.29175,1
0.2878,0
0.051541,0
0.18107,0
0.068129,0
0.15756,0
0.184,0
0.14811,0
0.53135,1
0.082229,0
0.17723,0
0.28323,0
0.37773,1
0.2557,0
0.38335,0
0.27482,0
0.14882,0
0.22781,0
0.077175,0
0.078782,0
0.073765,0
0.12542,0
0.30068,0
0.40268,1
0.35812,0
0.14802,0
0.23199,0
0.49191,0
0.42111,1
0.24709,0
0.44332,0
0.31787,1
0.13016,0
0.089098,0
0.1327,0
0.14882,0
0.067055,0
0.18463,0
0.11949,0
0.14448,0
0.54452,1
0.37928,0
0.49266,1
0.27841,0
0.04914,0
0.047116,0
0.1328,0
0.52706,0
0.08753,0
0.1123,0
0.18067,0
0.064506,0
0.18525,0
0.66879,1
0.31362,0
0.15941,0
0.37841,0
0.19704,0
0.24777,0
0.038999,0
0.18913,0
0.28717,0
0.31378,0
0.1033,0
0.2147,0
0.1962,0
0.25225,0
0.17464,1
0.11194,0
0.17097,0
0.24264,0
0.44174,1
0.48192,0
0.28262,0
0.070206,0
0.20129,0
0.19342,0
0.10908,0
0.45084,1
0.051411,0
0.25686,0
0.19247,0
0.056844,0
0.3528,1
0.29946,0
0.10562,0
0.3873,0
0.23938,0
0.31489,1
0.17357,0
0.27283,0
0.065269,0
0.20683,0
0.049784,0
0.4537,1
0.13661,0
0.59502,0
0.17622,0
0.034677,0
0.30462,0
0.14145,0
0.16491,0
0.18786,0
0.25638,0
0.3663,0
0.19124,0
0.10147,0
0.22787,1
0.15803,0
0.105,0
0.085013,0
0.19653,0
0.10234,0
0.14033,0
0.2066,0
0.14107,0
0.19415,0
0.1667,0
0.18269,0
0.068123,0
0.37856,0
0.098272,0
0.14992,0
0.24385,0
0.39136,0
0.25235,0
0.18559,0
0.52826,1
0.55542,0
0.41499,0
0.19388,1
0.19757,0
0.090614,0
0.32334,0
1.075,1
0.3009,0
0.33547,0
0.33289,1
0.56911,1
0.094738,0
0.45344,1
0.13187,0
1.3199,1
0.1891,0
0.30756,0
0.11607,0
0.29126,0
0.15572,0
0.28949,0
0.39518,0
0.28193,1
0.24518,0
0.19052,0
0.060413,0
0.10499,0
0.35373,0
0.080282,0
0.26186,0
5.5556,1
0.25111,0
0.14812,0
0.081336,0
0.25544,0
0.51509,1
0.086332,0
0.15008,0
0.2721,0
0.40229,0
0.1877,0
0.13557,0
0.24723,0
0.14335,0
0.13347,0
0.097656,0
0.13701,0
0.42113,0
0.22993,0
0.084828,0
0.8284,1
0.19028,0
0.23818,0
0.37284,0
0.14189,0
0.37269,0
0.17239,0
0.13779,0
0.091847,0
0.11756,0
0.25825,1
0.30875,0
0.11094,0
0.060895,0
0.16301,0
0.21733,0
0.082509,0
0.13701,0
0.16302,0
0.093306,0
0.29901,0
0.11206,0
0.4217,0
0.075784,0
0.13751,0
0.20684,0
0.085783,0
0.30046,0
0.076193,0
0.11966,1
0.32377,0
0.13837,0
0.11701,0
0.28303,0
0.18877,0
0.23013,0
0.24699,0
0.19472,0
0.27573,1
0.22786,0
0.2312,0
0.073094,0
0.63403,1
0.18884,0
0.26929,0
0.33789,1
0.21116,0
0.1122,0
0.19552,0
0.080393,0
0.030907,0
0.19103,0
0.36508,0
0.058011,0
0.12054,0
0.19455,0
0.10341,0
0.088413,0
0.44465,0
0.068269,0
0.44213,0
0.17267,0
0.087677,0
0.19268,0
0.4854,0
0.13834,0
0.053172,0
0.21696,0
0.36323,0
0.23582,1
0.095909,0
0.13515,0
0.18495,0
0.11698,0
0.22391,0
0.39541,0
0.2184,0
0.378,0
0.67068,1
0.13033,0
0.27694,1
0.29047,0
0.71306,0
0.40224,1
0.2387,0
0.17473,0
0.41832,0
0.27787,0
0.10733,0
0.07208,0
0.12031,0
0.26629,0
0.37147,1
0.24549,0
0.11411,0
0.13717,0
0.3475,0
0.11896,0
0.098641,0
0.33464,0
0.26868,0
0.17726,0
1.0606,1
0.14908,0
0.092464,0
0.25405,0
0.21622,1
0.069151,0
0.26912,0
0.074856,0
0.20101,0
0.23466,0
0.30839,1
0.19295,0
0.09455,0
0.13478,0
0.10757,0
0.083612,0
0.21637,0
0.34303,1
0.22966,0
0.11714,0
0.23876,0
0.062584,0
0.074132,0
0.069093,0
0.31489,0
0.11109,0
0.10879,1
0.10266,0
0.37632,0
0.20997,0
0.077214,0
0.13741,0
0.38036,1
0.24145,0
0.14134,0
0.18724,1
0.18315,0
0.1994,0
0.1721,0
0.40851,0
0.33772,0
0.225,0
0.17663,1
0.3511,0
0.92737,0
0.20691,0
0.13195,1
0.073117,0
0.47924,0
0.41346,0
0.85973,1
0.21933,0
0.038746,0
0.10954,0
0.089392,1
0.48294,1
0.10474,0
0.12906,0
0.37624,0
0.18371,0
0.71279,0
0.11577,0
0.20751,0
0.046543,0
0.10664,0
0.29367,0
0.5192,1
0.2076,0
0.60572,1
0.13025,0
0.10812,0
0.11349,0
0.27124,1
0.20428,0
0.20659,0
0.11437,0
0.28651,0
0.63284,0
0.12588,0
0.21245,0
0.43105,0
0.14449,0
0.29779,0
1.2354,1
0.4111,0
0.069077,0
0.49088,0
0.17784,0
0.30691,0
0.12843,0
0.13802,0
0.19362,0
0.056739,0
2.3051,1
0.3946,1
0.1438,0
0.18933,0
0.43147,0
0.26613,0
1.1184,0
0.16905,0
0.46001,0
0.33541,0
0.22338,0
2.7808,1
0.16831,0
0.2778,0
0.1496,0
0.35906,1
0.09345,0
0.53812,1
0.12309,0
0.24583,1
0.1569,1
0.30184,0
0.35952,1
0.12456,0
0.30733,0
2.5006,1
0.16966,0
0.26812,1
0.35973,0
0.1217,0
0.088513,0
0.34787,0
0.11542,0
0.16104,1
0.043107,0
0.28691,0
0.24642,0
0.42232,0
0.472,0
0.0889,0
0.13125,0
0.11901,0
0.086073,0
0.17548,0
0.30942,0
0.26197,0
0.05015,0
0.35724,0
0.093754,0
0.20399,0
0.15974,0
0.58577,1
0.026965,0
0.54747,1
0.23163,0
0.13022,0
0.30309,0
0.1945,1
0.20924,0
0.20045,0
0.16433,0
0.18029,0
0.25774,0
0.066534,0
0.62135,1
0.28206,0
0.35019,0
0.095748,0
0.080794,0
0.27213,0
0.053454,0
0.13336,0
0.088846,0
0.043547,0
0.059285,0
0.98617,0
0.53036,0
0.091216,0
1.0826,0
0.18218,0
0.055516,0
0.64288,1
0.17339,0
0.040465,0
0.16175,0
0.12061,0
1.2792,1
0.18357,0
0.12476,0
0.29016,0
0.17085,1
0.095058,0
0.20308,0
0.3773,0
0.089194,0
0.35481,1
0.32573,0
0.16281,0
0.092218,0
0.15646,0
0.067559,0
0.1101,0
0.084006,0
0.12599,0
0.24465,0
0.23534,0
0.22761,0
1.417,0
0.091107,1
0.091262,0
0.065864,0
0.045145,0
0.17671,0
0.39106,0
0.04851,0
1.0694,1
0.11615,0
0.24375,0
0.37113,0
0.66653,0
0.054966,0
0.053292,0
0.13347,0
0.1613,0
0.10824,0
0.10617,0
0.20257,0
0.10204,0
0.11301,0
0.39427,0
0.095276,0
0.22607,0
0.12764,0
0.18608,0
0.48055,0
0.26468,0
0.15508,1
0.44293,0
0.089285,0
0.15213,0
0.17841,1
0.36422,0
0.26226,0
0.23939,0
0.077806,0
0.29345,0
0.34422,0
0.086416,0
0.13736,0
0.23624,0
0.18931,0
0.10727,0
0.090967,0
0.23151,0
0.18612,0
0.048301,0
0.15888,0
0.3244,0
0.20522,0
1.2126,1
0.23945,0
0.15419,0
0.22916,0
0.20719,0
0.16179,0
0.53112,1
0.19485,0
0.36323,1
0.34344,1
0.10955,0
0.20337,0
0.27245,1
0.13609,0
0.75968,1
0.32787,0
0.2522,1
0.50027,1
0.2566,0
0.46452,1
0.077679,0
0.3346,1
0.29819,1
0.054736,0
0.13842,0
0.19487,0
0.16051,0
2.461,0
0.42855,0
0.17548,0
0.21728,0
0.045232,0
0.33918,0
0.33716,0
1.5425,1
0.35087,1
0.94207,1
0.12377,0
0.21226,0
0.22302,1
0.054759,0
0.40855,0
0.30591,0
0.13973,1
0.33321,0
0.095859,0
0.096868,0
0.16407,1
0.20031,0
0.13906,1
0.035362,0
0.16229,0
0.067219,0
0.12065,0
0.34162,0
0.66622,1
0.053941,0
0.23281,1
0.1206,0
0.13046,0
0.3042,0
0.031539,0
0.38339,0
0.055409,0
0.21107,0
0.10302,0
0.092174,0
0.28502,0
0.29003,0
0.12832,0
0.14675,0
0.3618,1
0.11711,0
0.10209,0
0.11259,0
0.046511,0
0.43933,1
0.16877,0
0.38646,0
0.073724,0
0.11245,0
0.18515,0
0.089995,0
0.10333,0
0.097152,0
0.67228,1
0.16765,0
0.076429,0
0.067331,0
0.54171,0
0.33561,1
0.26202,0
0.3001,0
0.29133,0
1.0713,1
0.14046,0
0.41382,0
0.070283,0
0.37075,1
0.3144,0
0.3511,0
1.1998,1
0.19788,0
0.153,0
0.65713,1
0.14707,0
1.6717,1
0.5959,1
0.32855,0
0.42131,0
0.2755,0
0.23877,1
0.28731,1
0.099409,0
0.099095,0
0.28269,0
0.062827,0
0.25784,0
0.11617,1
0.39246,0
0.26857,0
0.20736,1
0.075393,0
0.27988,0
0.19477,1
0.59075,1
0.32651,1
0.31275,1
0.47311,0
0.19662,0
0.061928,0
0.049594,0
0.21593,0
0.018723,0
0.34198,0
0.11007,0
0.3405,1
0.31784,0
0.031921,0
0.069919,0
0.10882,0
0.10387,0
0.18407,0
0.12973,0
0.087466,0
0.22476,0
0.50298,0
0.17796,0
0.38783,0
0.075329,0
0.12422,0
0.056822,0
0.31263,0
0.18998,0
0.24776,0
0.16315,0
0.10322,0
0.062417,0
0.25768,0
0.54949,1
0.067354,0
0.16228,0
0.38122,0
0.12451,0
0.18451,0
0.075467,0
0.35927,0
0.38295,0
0.048568,0
0.017541,0
0.24427,0
0.56039,0
0.16235,0
0.19452,0
4.5826,1
0.40628,1
0.24952,0
0.1303,0
0.2282,0
0.21248,0
0.15299,0
0.12404,0
0.12159,0
0.19963,0
0.39497,1
0.19804,0
0.37434,1
0.14736,0
0.25214,1
0.34419,0
0.25879,0
0.090897,0
0.093739,0
0.068883,0
0.14008,0
0.28638,0
1.1191,1
0.11066,0
0.23252,0
0.072207,0
0.48583,0
0.1301,0
0.2837,0
0.27043,0
0.26034,0
0.10243,0
0.27982,0
0.30321,1
0.24609,0
0.16462,0
0.23355,0
0.57191,1
0.16223,0
0.20895,0
0.21187,1
0.41258,0
1.4554,1
0.87144,1
0.16275,0
0.053581,0
0.45572,1
0.40807,0
0.17647,0
0.087183,0
0.63738,0
0.30472,0
0.56209,1
0.093511,0
0.39029,0
0.1015,0
0.3474,0
0.1423,0
0.4953,0
0.26711,0
0.096003,0
0.41333,1
0.23193,0
1.6377,1
0.16886,0
0.29222,0
0.095719,0
0.41568,1
0.077263,0
0.39619,1
0.40514,0
0.24158,0
0.2212,0
0.29934,0
0.23568,0
0.3842,0
0.6994,1
0.42993,1
0.26985,1
0.14859,0
0.062647,0
0.10884,0
0.11877,0
0.25445,0
0.079792,0
0.15836,0
0.30862,0
0.15661,0
0.055203,0
0.46131,0
0.16768,0
0.22685,0
0.087715,0
0.36848,0
0.22582,0
0.17571,0
0.21899,0
0.22648,0
3.4104,1
0.16327,1
0.23326,0
0.30064,0
0.23605,0
0.082696,0
0.13428,0
0.15478,0
0.20251,1
0.1147,0
0.074621,0
0.20808,0
0.08699,0
0.61559,1
0.13966,0
0.30976,0
0.1788,0
0.28266,0
0.058916,0
0.21467,0
0.42292,1
0.57292,1
0.23455,1
3.2679,1
0.13599,0
0.22107,0
0.053378,0
0.37796,0
0.25007,0
0.27259,0
0.28593,0
0.18181,0
0.2335,0
0.11309,0
0.40332,0
0.1436,0
0.072661,0
0.42175,0
0.27469,0
0.088299,0
0.86982,1
0.033293,0
0.7794,1
0.22816,0
0.11871,1
0.23948,0
0.62344,1
0.034372,0
0.37005,1
0.8707,1
0.074245,0
0.12213,0
0.25166,0
0.071197,0
0.12557,0
0.27505,0
0.18885,0
0.12115,0
0.46759,1
0.12102,0
0.19863,0
0.18201,0
0.66844,1
0.10495,0
0.078427,0
0.42236,0
0.13364,0
0.24881,0
0.29898,0
0.85346,1
0.11139,0
0.065005,0
0.28821,0
0.16473,0
0.34527,0
0.28411,0
0.064922,0
0.16991,0
0.26919,0
0.080842,0
0.22036,0
0.27234,1
0.32424,0
0.1341,0
0.24346,0
0.27718,0
0.10037,1
0.094171,0
0.70605,0
0.25288,0
0.10152,0
0.12835,0
0.061293,0
0.53051,0
0.080841,0
0.15402,0
0.57692,1
0.12183,0
0.19917,0
0.56432,1
0.025033,0
0.41014,1
0.18727,0
0.20636,0
0.27845,0
0.084372,0
0.49326,0
2.8546,1
0.17095,1
0.10681,0
0.54519,0
0.40959,0
0.26304,0
0.15966,0
0.066315,0
0.28928,0
0.3677,0
0.11073,0
0.43197,0
0.39414,0
0.32205,0
0.32364,0
0.054232,0
0.18397,1
0.25214,0
0.40413,0
0.19692,0
0.12751,0
0.28547,0
0.036652,0
0.43098,1
0.23082,0
0.1067,0
0.1854,0
0.40947,1
0.2501,0
0.26374,0
0.030643,0
0.12116,0
0.2244,0
0.26403,0
0.13433,0
0.25143,0
0.48466,1
0.31959,0
0.17995,0
0.080337,0
0.11243,0
0.12832,0
1.2262,1
0.13076,0
0.17611,1
4.7732,1
0.053751,0
0.48634,0
0.29416,0
0.13251,0
0.20847,0
0.094422,0
0.13948,0
0.13255,0
0.044391,0
0.050232,0
0.32593,0
0.28914,0
0.29935,0
0.19496,0
0.24915,0
0.054673,0
0.35248,0
0.77808,1
0.046949,0
0.13071,0
0.11652,0
0.1205,0
0.42779,1
0.26649,0
0.3339,0
0.13804,0
0.068148,0
0.2588,0
0.22047,0
0.41857,0
0.25175,1
0.082333,0
0.31263,0
0.19364,0
0.096636,0
0.14552,0
0.43652,0
0.052779,1
0.12693,0
0.098842,0
0.10444,0
0.12683,0
0.12683,0
0.11263,0
0.069207,0
0.18486,0
0.23312,0
0.84193,1
0.22726,0
0.28909,1
0.20473,0
0.19986,0
0.064401,0
0.11482,0
0.2225,0
0.16826,0
0.33672,0
0.50261,1
0.095149,0
0.06557,0
0.40123,0
0.093976,0
1.5147,0
0.27601,1
0.19964,1
0.16342,0
0.25636,0
0.20782,0
0.044974,0
0.33908,1
0.32071,0
1.4131,1
0.11789,0
4.6085,1
1.0743,1
0.65371,1
0.15381,0
0.58068,1
0.81311,1
0.10003,0
0.44509,1
0.13563,0
0.07288,0
0.23207,0
0.38304,0
0.2033,0
0.25647,0
0.10915,0
0.2813,0
0.12954,0
0.28937,0
0.061196,0
0.096963,0
0.075274,0
0.08996,1
0.1725,0
0.17951,1
0.33955,0
0.13638,0
0.51476,1
0.14467,0
0.10717,0
1.6624,1
0.51652,1
0.33169,1
0.12488,1
0.23095,0
0.15839,0
0.21189,0
0.66802,0
0.094237,0
0.13336,0
0.15718,0
0.33574,0
0.17778,0
0.097103,0
0.23878,0
0.13053,0
0.15495,0
0.23983,0
0.11107,0
0.065733,0
0.095809,0
0.40677,1
0.85851,1
0.37774,0
0.091703,1
0.18873,0
0.084758,0
0.1483,0
0.080833,0
0.43489,1
0.13363,1
0.33502,0
0.40661,1
1.0779,0
0.10412,1
1.9686,1
0.21509,0
0.25566,0
0.42943,0
0.2258,0
1.9718,1
0.10235,0
0.17032,0
0.035671,0
0.25803,1
1.6128,1
0.10683,0
0.25601,0
0.42577,0
0.33784,0
0.22383,0
0.082031,1
0.14368,0
0.19103,0
0.1056,0
0.13434,1
0.11466,0
0.11738,0
0.15017,0
0.17772,0
0.25751,0
0.4985,0
0.18153,0
0.12023,0
0.30451,0
0.137,0
0.28143,0
0.16169,0
0.4674,0
0.20199,1
0.054996,0
0.34521,0
0.067001,0
0.28397,0
0.2658,0
0.084669,0
0.078667,0
0.12371,0
0.069248,0
0.21275,0
0.25614,0
0.13223,0
0.15554,0
0.20674,0
0.08183,0
0.43829,1
0.30706,0
0.061436,0
0.03599,0
0.61359,1
0.20195,0
0.17037,0
0.28505,0
0.67862,1
0.10443,0
0.09053,0
0.81471,1
0.27349,0
0.16736,0
0.42498,0
0.26935,0
0.15082,0
0.38378,0
0.11817,0
0.28187,0
0.17467,0
0.086304,0
0.071952,0
0.22489,0
0.70108,0
0.11421,0
0.32508,0
0.15788,1
0.15431,0
0.18515,0
1.8323,1
0.12395,0
0.23766,0
0.37872,0
0.12557,0
0.059742,0
0.03749,0
0.2285,0
0.25397,0
0.28466,0
1.6687,1
0.087761,0
1.2702,1
0.16575,0
1.7619,0
0.15672,0
0.17803,1
0.069,0
0.11457,1
0.22229,0
0.26162,0
0.1282,0
0.19237,0
0.15446,0
0.24527,0
0.090522,0
0.62007,1
0.17182,0
0.43985,0
0.52135,0
0.19638,0
0.50617,1
0.38705,0
0.032046,0
0.16238,0
0.37333,0
0.178,0
0.081094,0
0.19255,0
0.12765,0
0.83437,0
0.52892,1
0.056274,0
0.17605,0
0.22164,0
0.30236,1
0.23294,0
0.39018,1
0.17683,0
0.15858,0
0.027721,0
0.51593,0
0.3429,0
0.36481,1
0.18302,0
0.027449,0
0.12332,1
0.16813,0
0.54926,1
0.10317,0
0.11577,0
0.097593,0
0.20731,0
0.11322,0
0.05551,0
0.1231,0
0.32823,1
0.38385,0
0.087585,0
0.24704,1
1.1995,1
0.27397,0
0.1779,1
0.16651,0
0.24477,0
0.0708,0
0.088841,0
0.24087,0
0.068375,0
0.078683,0
0.24174,0
0.17254,0
0.15559,0
0.66967,1
0.074036,0
0.31328,0
0.24888,0
0.089401,0
0.30863,1
0.12267,0
0.1696,0
0.09421,0
2.1003,1
0.14224,0
0.24695,0
0.2958,0
0.12887,0
0.14698,0
0.22548,0
0.17037,0
0.41847,1
0.46062,0
0.14264,0
4.0828,1
0.15735,0
0.09613,0
0.45572,0
0.075772,0
0.34035,0
0.27709,0
0.12211,0
0.18229,0
0.58714,1
0.19934,1
0.13173,0
0.11326,0
0.41619,0
0.20029,1
0.45459,0
0.11946,0
1.1773,1
0.23028,1
0.29917,0
0.21968,0
0.39681,0
0.30214,0
0.058986,0
0.065666,0
0.1553,0
0.11774,0
0.4904,1
0.49059,0
0.14786,0
0.23549,0
0.21894,0
0.041418,0
0.22072,0
0.34201,0
0.60735,1
0.043341,0
0.37672,0
0.087552,0
0.20059,0
0.14605,0
0.05294,0
0.19494,0
0.28454,0
0.13899,0
0.34139,0
0.73763,1
0.092572,1
0.10611,0
0.084118,0
0.090401,0
0.24243,0
0.17369,0
0.33825,0
0.19252,0
0.19793,0
0.05615,0
0.075588,0
0.32644,0
0.077902,0
0.44588,1
0.29818,0
0.10841,1
0.1331,1
0.13403,0
0.15665,0
0.10886,0
0.089473,0
0.094666,0
0.34422,0
0.13747,0
0.16301,0
0.11362,0
0.024898,0
0.11797,0
0.14668,0
0.22235,0
0.1992,0
0.079583,0
0.17206,0
0.57771,0
0.066349,0
0.19149,0
0.11251,0
0.088385,0
0.33245,1
0.08208,0
0.16092,1
0.35298,1
0.14556,0
0.049514,0
0.90838,1
0.27007,0
0.059871,0
0.23559,0
0.11001,0
0.30379,1
0.084109,0
0.27595,0
0.12505,0
0.55259,0
0.23197,1
0.20327,0
0.23582,1
0.25321,0
0.96042,1
0.15278,0
0.21653,0
0.17147,0
0.21819,0
0.10694,0
0.18316,0
0.1187,0
0.057917,0
2.8838,1
0.25141,0
0.2674,0
0.21458,0
0.3676,0
0.30694,1
0.23338,0
0.31329,0
0.077198,0
0.23045,0
0.39069,0
0.2718,0
0.083344,0
0.9354,1
0.38681,0
0.18365,0
0.22842,0
0.18036,0
0.38045,0
0.1638,0
0.055337,0
0.20168,0
0.10752,0
0.50929,0
0.22034,0
0.079935,0
0.13591,0
0.11796,0
0.28065,0
0.089517,0
0.048406,0
0.16529,0
0.33772,0
0.43761,0
0.070682,0
0.36179,1
0.41763,1
0.12945,0
0.08352,0
0.0678,0
0.56756,1
0.19587,0
0.20363,0
0.1124,0
0.25231,1
0.25103,0
0.14645,0
0.16921,0
0.30101,0
0.62415,1
0.19008,0
1.2072,0
0.10281,0
0.10657,0
0.27404,1
0.72441,1
0.20672,0
0.1367,0
0.096644,0
1.1898,1
0.22651,0
0.31251,0
0.19053,0
0.15647,0
0.2095,1
0.066566,0
0.10735,1
0.10976,0
0.20705,0
0.083082,0
0.52207,1
0.24921,0
0.17271,0
0.087242,0
0.063115,0
0.20524,0
0.097202,1
0.078093,0
0.25823,0
0.090186,0
0.14092,0
0.19999,0
0.023421,0
0.098451,0
0.40963,1
0.83179,0
0.19105,0
0.13086,1
0.076045,0
0.070636,0
0.092103,0
0.13691,0
1.53,1
0.17218,1
0.14975,0
0.45844,0
0.2098,0
0.77121,0
0.12863,0
0.033083,0
0.17343,0
0.081739,0
0.24121,0
0.14666,0
0.13242,0
0.14996,0
0.1315,0
0.26618,1
0.079833,0
0.21219,0
0.40664,0
0.23467,0
0.25006,0
0.55702,1
0.04702,0
0.39154,0
0.22866,0
0.10725,0
0.069486,0
0.14045,0
0.35233,0
0.17689,0
0.13137,0
0.17149,0
0.50279,1
0.11158,0
0.085358,0
0.097883,0
0.098969,0
0.14897,0
0.35114,0
0.108,0
0.44904,0
0.16224,0
0.17669,0
0.20075,0
0.21391,0
0.1545,0
0.13311,0
0.41899,0
0.5717,1
0.1271,0
0.24545,0
0.073048,0
0.19666,1
0.05504,0
0.36973,0
0.060838,0
0.28486,0
0.22992,0
0.094104,1
0.10322,0
0.076167,0
0.21945,0
0.28981,0
0.035958,0
0.16494,0
0.058451,0
0.058451,0
1.019,1
0.091623,0
0.31938,0
0.35286,0
0.30737,0
0.24068,0
0.047696,0
0.8424,0
0.16722,0
0.22937,0
0.20216,0
0.19175,0
0.1313,0
0.21996,0
0.10959,0
0.27391,0
0.12721,0
0.092946,0
1.7754,1
0.25748,0
0.42559,0
0.13226,0
0.18443,0
0.27919,0
0.14612,0
0.18768,0
0.057363,0
0.48792,1
0.091975,0
0.27001,0
0.16969,0
0.20933,0
0.15257,0
0.053196,0
0.57225,1
0.26191,0
0.11726,1
0.18415,0
0.084224,0
0.043659,0
0.26173,1
0.26262,0
0.3685,0
0.23311,0
0.22232,0
0.31569,0
0.68306,1
0.13817,0
0.22634,0
0.16278,0
0.34125,0
0.81799,1
0.10787,0
0.27824,0
0.050112,0
0.10378,0
0.21967,0
0.20509,0
0.1665,0
0.18372,1
0.26973,0
0.073981,0
0.35975,0
0.041212,0
0.44402,0
1.9698,1
0.095709,0
0.31009,1
0.13073,0
0.24698,0
0.3364,0
0.4023,0
0.43066,1
0.18117,0
0.043715,0
0.097346,0
0.27368,0
0.14416,0
0.26862,1
0.23697,0
2.2587,1
0.38542,0
0.04553,0
0.41505,1
0.12912,0
0.054054,0
0.22195,0
0.11005,0
0.41192,0
0.20737,0
0.17481,0
0.12518,0
0.10354,0
0.13687,0
0.072115,0
0.21327,0
0.21327,0
0.17515,0
0.25819,0
0.48647,0
0.2668,1
0.055735,0
0.69199,1
0.094603,0
0.046379,0
0.096463,0
0.48723,0
0.26492,0
0.15151,0
0.090648,0
0.44877,0
0.48472,0
0.20608,0
0.1402,0
0.073822,0
0.14706,0
0.21476,0
0.39145,1
0.064302,0
0.086256,0
0.44228,1
0.38945,0
0.3122,0
0.26816,0
0.47509,0
0.034072,0
0.3042,0
0.25669,0
0.18839,0
0.23201,0
0.12942,0
0.15499,0
0.12236,0
0.11497,1
1.4942,0
0.18993,0
0.1667,0
0.43966,1
0.183,1
0.31519,0
0.23229,0
0.2276,0
0.12984,0
0.19444,0
0.33141,1
0.72052,1
0.53255,0
0.047962,0
0.10323,0
0.13746,0
0.52694,1
0.075516,0
0.18202,0
0.20771,0
0.26332,1
0.18501,0
1.1591,1
0.37422,0
0.091531,0
0.055071,0
0.27744,1
0.032113,0
0.20824,0
0.11308,0
0.28855,0
0.090916,0
0.15824,0
0.27326,0
0.12277,0
0.1796,0
0.13525,0
0.38844,1
0.47722,1
0.16717,0
0.034962,0
0.097314,0
0.23651,0
0.16318,0
0.2562,0
0.24593,0
0.12371,1
0.11569,0
0.25183,0
0.052591,0
0.29534,0
3.9107,1
0.21131,0
0.24938,0
0.18642,0
0.47847,0
0.055856,0
0.22721,1
0.098381,0
0.24326,0
0.15045,0
0.13056,0
0.53716,0
0.14884,0
0.18574,0
0.20077,0
0.12071,0
0.12741,0
0.26242,0
0.16496,0
0.3393,0
1.0819,1
0.03144,0
0.10971,0
0.088294,0
0.29177,1
0.11651,0
0.024659,0
0.12823,0
0.082226,0
0.38476,1
0.11737,0
0.18116,0
0.079812,0
0.11002,0
0.064095,0
0.23838,0
0.090203,0
0.059487,0
1.9399,1
0.5044,0
2.6616,1
0.2601,0
0.13171,0
0.18038,0
0.1737,0
0.36818,0
0.43306,0
0.40481,0
0.080635,0
0.50228,0
0.26397,0
0.26736,0
0.045334,0
1.2091,0
0.2459,0
3.6368,1
0.21148,0
0.26604,0
0.46354,0
0.2877,0
0.037642,0
0.04587,0
0.45908,1
0.14937,0
0.12675,0
0.25799,0
0.096673,0
0.20964,1
0.14691,1
0.15727,0
0.11819,0
1.8789,1
0.42581,0
0.15857,0
0.42424,0
0.158,0
0.46017,1
0.14921,0
0.55288,0
0.48088,1
0.11318,0
0.38496,0
0.13347,0
0.22806,0
0.11752,0
0.061032,0
0.1623,0
0.28507,0
0.20429,0
0.16349,0
0.24288,0
0.13947,1
0.24647,0
0.13272,0
0.12711,0
0.18447,0
0.10801,0
0.27405,1
0.13583,0
0.086574,0
0.11705,0
0.22697,0
0.11089,0
0.093782,0
0.14074,0
0.22731,0
0.21103,1
0.6504,1
0.24651,0
0.41068,1
0.26624,1
0.38476,0
0.23876,0
0.28026,0
0.16997,0
0.087336,0
0.065771,0
0.12728,1
0.075526,0
0.30287,0
0.20133,0
0.15813,0
0.21593,0
0.090959,0
0.1788,0
0.27606,0
0.090066,0
0.24033,0
0.099512,0
0.22765,0
0.45968,1
0.36211,0
0.085215,0
0.16766,0
0.10145,0
0.36495,1
0.14359,0
0.1926,0
0.71979,1
0.32846,1
0.13472,0
0.31289,1
0.11033,0
1.477,1
0.14606,0
0.17046,0
0.35985,0
0.23728,0
0.37335,0
0.18978,0
0.18541,0
0.14328,0
0.42064,0
0.031764,0
0.4517,1
0.24106,0
0.12725,1
0.040154,1
0.28595,0
0.2424,0
0.074877,1
0.11489,0
0.13202,0
0.20056,0
0.21445,0
0.50688,1
0.13247,0
0.34672,1
0.43024,0
0.44163,0
0.14008,1
0.26352,0
0.11642,0
0.28809,0
0.31488,0
0.18966,0
0.27047,1
0.14101,0
0.1228,0
0.4603,0
0.23957,0
0.69516,1
0.17837,1
0.14839,0
0.15269,0
0.14537,0
0.054287,0
0.26037,0
6.648,1
3.9409,1
0.15707,1
0.16082,0
0.70503,1
0.063375,0
0.19945,0
0.086324,0
0.20473,0
0.83149,1
0.24519,0
1.804,1
0.54817,1
0.049493,0
0.23806,0
0.29618,0
0.29703,0
0.31033,0
0.51236,1
2.0338,1
0.18435,0
0.77568,0
0.1156,0
0.10513,0
0.12648,0
0.49947,0
0.54807,0
0.48222,1
0.25854,0
0.32671,0
0.46034,0
0.85411,1
0.21387,0
0.28863,1
0.17221,0
0.16552,0
0.12441,0
0.15139,0
0.092548,0
0.62861,0
0.071647,0
1.0296,1
0.040135,0
0.16748,1
0.27201,1
0.24538,0
0.11893,0
0.16073,0
0.29025,0
0.21443,0
0.38466,0
0.031831,0
0.10042,0
0.17762,0
0.13526,0
0.1219,1
0.10284,0
0.27342,0
0.56939,1
0.17971,0
0.25677,0
0.30495,0
0.078878,0
0.43654,0
0.16521,0
0.15902,0
0.15983,0
0.46238,1
0.13497,0
0.12835,0
0.24629,0
0.26147,0
0.10129,0
0.23647,0
0.40492,1
0.11128,0
0.5319,1
0.20829,0
0.24891,0
0.53055,0
0.61701,1
0.24217,0
0.15359,0
0.20198,0
0.18744,0
0.17487,1
0.22022,0
1.4827,1
0.24873,1
0.16231,0
0.18353,0
0.085047,0
0.042762,0
0.19089,0
0.12853,0
0.21638,0
0.14524,0
0.13172,0
0.084079,0
0.057716,0
0.19462,0
0.16367,0
0.15599,0
0.17716,0
0.26834,0
0.26699,0
0.7926,1
0.16479,0
0.22811,0
0.090912,0
0.18561,0
0.99259,0
0.26873,0
0.11341,0
0.20986,0
1.4259,1
1.9718,1
0.19098,0
0.081395,0
0.069924,0
0.034916,0
0.25233,0
0.15605,0
0.12527,0
0.088619,0
0.36728,0
0.081732,0
0.14704,0
0.16886,0
0.32672,0
0.39529,0
0.16925,0
0.1219,0
0.18651,0
0.1172,0
0.0589,0
0.27773,0
0.076479,0
0.092419,0
0.18854,0
0.31165,0
0.28502,0
0.58541,1
0.070472,0
0.28236,0
0.19531,0
0.21504,0
0.27364,0
0.29935,0
0.24657,0
0.14512,0
1.3173,1
0.37067,0
0.26049,0
0.23235,0
0.26637,0
0.087097,0
0.13845,0
0.48659,0
0.11086,0
0.30009,0
0.14908,0
0.1374,0
0.24388,0
0.14281,0
0.32693,0
0.10518,0
0.043667,0
0.37846,0
0.19133,0
0.098644,0
0.095264,0
0.081979,0
0.11961,0
0.21692,0
0.2244,1
0.13281,0
0.31564,0
0.15872,0
0.37386,0
0.15034,0
0.26488,0
0.10796,0
0.049641,0
0.0654,0
0.23672,0
0.18618,0
0.081304,0
0.134,0
0.13558,0
0.16775,0
0.050468,0
0.086048,0
0.078458,0
0.074838,0
1.9399,1
0.12574,0
0.081615,0
0.76341,1
0.24514,0
0.3677,0
0.17455,0
0.078629,0
0.21835,0
0.17353,0
0.57055,1
0.28551,0
0.057292,0
0.055915,0
0.17539,1
0.56369,1
0.11037,0
0.30291,0
0.44995,1
0.5369,1
0.050473,0
0.12195,0
0.083834,0
0.34078,0
0.017278,0
0.23853,0
0.81661,1
1.4706,1
0.38223,1
0.094595,0
0.094781,0
0.364,0
0.21395,0
0.24762,0
0.10847,0
0.10702,0
0.15689,0
0.21509,0
0.14495,0
0.26911,0
0.18165,0
0.11768,0
0.29675,0
0.99999,1
0.15449,0
0.042701,0
0.19541,0
0.11609,0
0.21874,0
0.12718,0
0.094988,0
0.04695,0
0.15178,0
0.4605,1
0.46676,0
0.13038,0
0.12946,0
0.23357,0
0.20324,0
0.23246,0
0.1569,0
0.28853,0
0.24793,0
0.27557,0
0.22506,0
0.18068,0
0.23485,0
0.34867,0
0.081043,0
0.13386,0
0.964,1
2.1826,1
0.28894,0
0.15697,0
0.17467,0
0.16769,0
0.19057,1
0.063026,0
1.021,1
0.19917,0
0.11045,0
1.4488,1
1.2726,1
0.43617,1
0.33821,1
0.11831,0
0.51911,1
0.23233,0
0.15613,0
0.11278,1
0.068429,0
0.25449,0
0.44595,1
0.13697,1
0.067171,0
0.24139,0
0.44179,0
0.27743,1
0.51839,0
0.13279,0
0.20577,0
0.11349,0
0.12975,0
0.088788,0
0.21297,0
0.13072,0
0.28263,1
0.19576,0
0.14976,0
0.18935,0
0.22909,0
0.79544,1
0.23891,0
0.18169,0
0.10187,0
0.40652,0
0.16217,0
0.16741,0
0.22677,0
0.49151,1
0.082416,0
0.16373,0
0.40458,1
0.50284,1
0.45038,0
0.14315,0
0.39458,0
0.50425,0
0.19433,0
0.054254,0
0.22734,0
0.19898,0
0.2099,0
1.2554,1
0.0834,0
0.34784,0
0.16677,0
0.43737,0
0.20606,0
0.10227,0
0.11733,0
0.32087,0
0.18952,0
0.39985,0
0.12753,0
0.036355,0
0.40266,0
0.51394,1
0.24568,0
0.18301,0
0.17383,0
0.28188,0
0.12472,0
0.33772,0
0.091923,0
0.17341,0
0.43727,0
0.17153,0
0.074072,0
0.10576,0
0.8195,1
0.34083,0
0.53832,0
0.2896,0
0.42338,0
0.23843,0
0.12669,0
0.080709,0
0.8519,0
0.25678,0
0.16831,0
0.38606,0
0.10638,0
0.19944,1
0.082754,0
0.25064,0
0.14112,0
0.22643,0
0.11057,0
0.16962,1
0.20581,0
0.17161,0
0.0495,0
0.27403,0
0.038019,0
0.038019,0
0.15249,0
0.52743,0
0.40774,0
0.16917,0
0.35898,0
0.45257,1
0.15369,0
0.14083,0
0.031976,0
2.1498,1
0.41577,1
0.28779,0
0.13611,0
0.17809,0
0.11434,0
0.07257,0
0.69065,1
0.13856,0
0.052917,0
0.22277,0
0.28763,0
0.14294,0
0.34796,0
0.090846,0
0.39193,0
0.24584,0
0.3104,0
0.15242,0
0.15351,0
0.36987,0
0.05248,0
0.26134,0
0.3264,0
0.31451,0
0.2339,0
0.11652,0
0.11652,0
0.26979,0
0.077729,0
0.7401,1
0.41652,0
0.14533,0
0.11536,0
0.14584,0
0.28171,0
0.2006,0
0.12667,0
0.11393,0
0.14728,0
0.069126,0
0.074489,0
0.51592,0
0.27004,0
0.20024,0
0.30215,0
0.13578,0
0.67861,0
0.28594,0
0.3568,0
0.11295,0
0.12671,0
0.59953,1
0.40297,0
0.10276,0
0.10984,0
2.2753,1
0.21431,0
0.26711,0
0.41677,0
1.3071,1
0.44819,0
0.15915,0
0.22926,1
0.3914,0
0.15758,0
0.20059,0
0.75802,1
0.12264,0
0.23694,0
1.7825,1
0.19814,0
0.18071,0
0.16495,1
0.19115,0
0.33166,0
0.071271,0
0.063832,0
0.46872,1
0.16224,0
0.13351,0
0.096501,0
0.15127,0
0.11512,0
0.33365,0
0.18033,1
0.060337,0
0.15828,0
0.35905,0
0.13629,0
0.26469,0
0.34609,1
0.10267,0
0.22473,0
0.06371,0
0.19615,0
0.22886,1
0.3893,1
0.16612,0
2.263,1
0.12892,0
0.37372,0
0.26028,1
0.18027,0
0.18495,0
0.17646,0
0.47743,0
0.12524,0
0.21538,0
0.4208,0
0.21935,0
0.57514,1
0.27905,0
0.42287,1
0.24555,1
0.30905,0
0.08247,0
0.30138,0
0.5144,0
0.3285,0
0.092305,0
0.18308,0
0.13629,0
0.092017,0
0.060483,0
0.08881,0
0.062797,0
0.39974,0
0.061805,0
0.079881,0
0.27667,1
0.15999,0
0.45277,0
0.17106,0
0.50905,0
0.11374,0
0.24796,0
0.26552,0
0.22962,0
0.095929,0
0.15169,0
0.19361,0
0.14027,0
0.084809,0
0.17267,0
0.4734,1
0.11212,1
0.24156,0
0.12098,0
0.41667,0
0.21752,0
0.093593,0
0.091062,0
0.19611,0
0.30325,0
0.16415,0
0.37248,0
0.24822,0
0.42069,0
0.20372,1
0.19437,0
1.2298,1
0.10873,0
0.67518,0
0.26345,0
0.16388,0
0.15161,0
0.21508,1
0.1384,0
0.17191,0
0.37088,0
0.070572,0
0.30082,0
0.11101,0
0.2814,0
0.14795,0
0.10294,0
0.16197,0
0.21377,0
0.18652,0
0.2612,1
0.29058,1
0.063234,0
0.10271,1
0.13441,0
0.097995,0
0.081428,0
0.039627,0
0.26372,0
0.20793,0
0.5413,1
0.25444,0
0.44359,0
0.091102,0
0.2261,0
0.2042,0
0.14136,0
0.82844,0
0.77787,0
0.1308,0
0.24216,0
0.61764,1
0.13855,1
0.25774,0
0.20695,0
0.14334,0
0.12857,0
0.07258,0
0.11863,0
0.13416,1
0.21917,1
0.17818,0
0.13328,0
0.37167,0
0.09672,0
0.29681,1
0.028344,1
0.92247,1
0.21641,0
0.12897,0
0.47829,1
0.15553,0
0.081722,0
0.078056,0
0.30574,0
0.36304,0
0.033957,0
1.5239,1
0.13596,0
0.14571,0
0.23711,0
0.044273,0
1.9587,1
0.070979,0
0.12639,0
0.12781,0
0.19641,0
0.15744,0
0.17168,0
1.1534,0
0.25673,0
0.44933,0
0.1319,0
0.13475,0
0.23546,0
0.1338,0
0.23134,0
0.12385,0
0.093734,0
0.35415,0
0.099296,0
0.082034,0
0.44906,0
0.063406,0
0.10261,0
0.20518,0
0.25545,0
0.35505,0
0.045091,0
0.068808,0
0.11395,0
0.12574,0
0.24065,1
0.27657,0
0.23969,0
0.36511,0
0.11907,0
0.070258,0
0.32015,0
0.59252,1
0.10556,0
0.15279,0
0.4771,1
0.060306,0
0.19464,0
0.15651,0
0.16004,0
0.069748,0
0.23816,0
0.098648,0
0.27478,1
0.19621,1
0.13723,0
0.16576,0
0.98431,1
0.22392,0
0.1426,0
0.77554,0
0.44754,0
0.35712,1
2.8751,1
0.9216,1
1.27,0
0.2494,0
0.27086,0
0.34389,1
0.69838,0
0.21884,1
0.7158,1
0.22797,0
2.1567,1
0.079468,0
0.39468,0
0.072239,0
0.1144,1
0.030386,0
0.15206,0
0.15206,0
0.13871,0
0.10969,0
0.23065,0
0.36318,0
0.26893,0
0.66004,1
0.12522,0
0.076242,1
0.20078,0
0.11049,0
0.12661,0
0.43878,0
0.44586,0
0.069701,0
0.19497,0
0.15194,0
0.29134,0
0.15674,0
0.32649,1
0.14451,0
0.24979,0
0.67283,0
0.17429,0
0.28658,1
0.42447,0
0.098597,0
0.16657,0
0.49865,0
0.29476,0
0.41921,0
0.3054,1
0.3943,1
0.29192,0
0.039709,0
0.10794,0
0.73429,1
0.14923,0
0.22853,0
0.10462,0
0.24499,0
2.3681,1
0.27251,0
0.38321,0
0.18792,1
0.19175,0
0.077708,0
0.15196,0
0.47719,1
0.037738,0
0.19293,0
0.082124,0
0.37877,0
0.10037,0
0.13778,0
0.20128,0
0.59312,1
0.19279,0
0.36768,1
0.19879,0
0.48068,1
1.1083,0
0.27009,0
0.26759,0
0.27876,1
0.025462,0
0.44825,0
0.14697,0
0.28497,0
0.21075,0
0.41548,1
0.031957,0
0.085373,0
0.46521,0
0.71565,0
0.2729,1
0.083797,0
0.35563,0
0.22562,0
0.091492,0
0.14266,0
0.2793,1
0.23765,0
0.1168,0
0.12491,0
0.31722,1
0.16303,0
0.20258,0
0.10707,0
0.54254,1
0.16532,1
0.055461,0
0.12967,1
0.14375,0
0.47577,0
0.28943,0
0.46706,1
0.22626,0
0.086146,0
0.075136,0
0.84693,1
0.36508,0
0.097164,0
0.14514,0
0.25453,0
0.052571,0
0.05371,0
0.15468,0
0.10823,0
0.06923,0
0.53947,1
0.27118,1
0.12045,0
0.13052,0
0.41595,0
0.14476,0
0.16422,1
0.21163,0
0.077027,0
0.28188,0
0.15032,0
0.14993,0
0.048381,0
2.3769,1
0.15112,0
0.2689,0
0.055997,0
1.2808,1
0.25364,0
0.12207,0
0.15828,0
0.2721,1
0.20036,0
0.22149,0
0.16407,1
0.50805,1
0.33004,1
0.14975,1
0.039141,0
0.25431,0
0.38559,0
0.30398,0
0.82665,1
0.064304,0
0.31886,0
0.28268,0
0.25429,0
0.06977,0
0.88904,1
0.32015,0
0.47478,0
0.1855,0
0.22563,0
0.18745,0
0.060608,0
0.057357,0
0.40256,0
0.21662,0
0.43878,0
0.33942,0
0.16962,1
0.071509,0
0.2905,0
0.086887,0
0.46269,1
0.088646,0
0.11452,0
0.42791,0
0.15234,0
0.24894,1
0.21837,0
0.30616,0
0.075772,0
0.14253,0
0.92495,1
0.59879,1
0.22125,0
0.15042,0
0.16767,0
0.11794,0
0.23094,0
0.31977,1
0.37388,0
0.069162,0
0.32404,0
0.97736,0
0.9309,1
0.2253,0
0.41947,1
0.068513,0
0.14602,1
0.18574,0
0.21723,0
0.15056,0
0.73518,1
0.2824,1
0.149,0
0.17027,0
0.26876,1
0.20484,0
0.080993,0
0.39172,0
0.65185,1
0.21059,0
0.14689,0
0.16388,0
0.18,0
0.1767,0
0.10552,0
0.087318,0
0.10203,0
0.36775,0
0.42627,0
0.076278,1
0.1898,0
0.27766,0
0.044544,0
0.19969,0
0.30789,0
0.32222,0
0.48745,1
0.088795,0
0.060253,0
0.11395,0
0.14399,0
0.044219,0
0.32319,0
0.0881,0
0.24494,1
0.082712,0
0.26086,0
0.12085,0
0.056943,0
0.30665,0
0.053628,0
0.22133,0
0.083034,0
0.2428,0
0.13696,0
0.1504,0
0.19444,0
0.30795,1
0.10877,0
0.043586,0
0.10162,0
0.18271,1
0.18514,0
0.049792,0
0.11771,0
0.33081,0
0.10646,0
0.19317,0
0.1501,1
0.19364,0
0.096244,0
0.47638,0
0.20289,0
0.30274,0
0.1223,0
0.18652,0
0.22508,0
0.38766,0
0.25109,0
0.15507,0
0.3218,1
0.23455,0
0.087891,0
0.090956,0
0.1916,0
1.5788,1
3.2337,1
0.24309,0
0.27407,0
0.061908,0
0.11909,0
0.26681,1
0.23224,0
0.14941,0
0.087681,0
0.1342,0
4.3182,1
0.15294,1
0.15436,0
0.14522,0
0.24506,0
0.33168,0
0.15056,0
0.34188,0
0.18626,0
0.1879,0
0.28792,1
0.067271,1
0.14668,0
0.12947,0
0.074377,0
0.34819,0
0.22246,1
0.23528,0
0.21626,0
0.12616,0
0.23589,1
0.30085,0
0.4338,0
0.39782,0
0.033072,0
0.12399,0
0.40649,0
0.47008,1
0.12083,0
0.3169,0
0.27674,0
0.12957,0
0.06998,0
0.37486,0
0.13202,0
0.59061,1
0.36982,0
0.15174,0
0.48734,1
0.069009,0
0.40729,0
0.39822,0
0.1129,0
0.37053,0
0.10992,0
0.021175,0
0.2618,0
0.092603,0
0.53973,1
0.17939,0
0.060064,0
0.11405,0
0.14001,0
0.36518,1
0.23588,1
0.19533,0
0.1895,0
0.29028,0
0.16654,0
0.28142,1
0.081453,0
0.14637,0
0.12205,0
0.081181,0
0.083266,0
1.1586,1
0.10097,1
0.2768,1
0.53533,1
0.33984,1
0.13731,0
0.12962,0
0.29598,0
0.31853,0
0.15187,0
0.29765,1
0.096952,0
0.068158,0
0.068158,0
0.07597,0
0.11849,0
0.41883,0
0.17146,0
0.13239,0
0.41816,0
0.10392,0
0.064238,1
0.16453,0
0.25394,0
0.17082,0
0.04758,0
0.055536,0
0.23212,0
0.065406,0
0.1869,0
0.15699,0
0.61321,1
0.083427,0
0.11477,0
0.11477,0
0.21923,1
0.35454,1
0.17016,0
0.034647,0
0.11346,0
0.73842,1
0.15366,1
0.16468,0
0.27307,0
1.9541,1
0.17471,0
0.13143,0
0.095763,0
0.16004,0
0.18459,0
0.056535,0
0.073597,0
0.23265,0
0.06466,0
0.14396,1
0.48933,0
0.43856,0
0.039267,0
0.18196,0
1.2753,1
0.067752,0
0.20137,0
0.33673,0
0.16888,0
0.073128,0
0.12981,0
0.12144,0
0.21615,0
0.072939,0
0.08898,0
0.7894,0
0.095412,0
0.18848,0
0.29579,1
0.30203,0
0.34852,0
0.1472,0
0.072794,0
0.19922,0
0.048651,0
0.27763,0
0.39762,1
0.27677,0
0.31885,0
0.045727,0
0.25551,0
0.11693,0
0.060395,0
1.9718,1
0.34931,0
0.15328,0
0.15218,0
0.12143,0
1.3501,0
0.28987,0
0.077194,0
0.040208,0
0.10555,0
0.39815,1
0.034136,1
0.45318,0
2.1297,1
0.6933,0
0.22389,0
0.40074,0
0.36087,1
0.10034,0
0.30817,1
0.30934,0
0.22419,0
0.14123,0
0.20482,0
0.47921,1
0.10347,0
0.17246,0
0.21512,0
0.17759,0
0.099143,1
0.31083,0
0.039165,0
0.25424,0
0.11761,0
0.56409,0
0.33378,0
0.72082,1
0.30609,1
0.12028,0
0.21661,0
0.096787,0
0.24575,0
0.14697,0
0.13061,1
0.19658,0
0.31713,1
0.21354,0
0.26584,1
0.18563,0
0.16605,0
0.69122,1
0.14577,0
0.058364,0
0.22856,0
0.40447,1
0.4497,0
0.32594,0
0.1564,0
0.10794,0
0.29005,0
0.31213,1
0.16122,0
0.16122,0
0.31175,1
0.19873,0
0.327,1
0.24848,0
0.092036,0
0.44318,1
0.098639,0
0.13365,0
0.25768,0
0.17464,1
0.27358,0
0.28566,0
0.16493,0
0.51173,1
0.053779,0
0.07982,0
0.3645,0
0.12052,0
0.29453,0
0.045909,0
0.1223,1
0.44414,1
0.39565,0
0.14694,0
0.22544,0
0.38959,0
0.24724,0
0.24277,1
0.1733,0
0.044038,0
0.24763,0
0.11293,0
0.25446,0
0.04652,0
0.58533,0
0.075473,0
0.12632,1
0.054246,0
0.1894,0
0.40399,1
0.057133,0
0.13896,0
0.17841,0
0.22261,0
0.26113,0
0.4342,0
0.073395,0
1.3484,0
0.026396,0
0.70917,1
0.054853,0
0.14727,0
0.12334,0
0.24744,0
0.22784,0
0.78103,1
0.32646,1
0.29532,0
0.049924,0
0.29465,1
0.33319,0
0.13699,0
0.26335,0
0.7642,1
0.24979,0
0.12541,0
1.7803,1
0.20349,0
0.065019,0
0.11915,0
0.23422,0
0.41275,0
0.2602,0
1.2594,1
0.17076,0
0.173,0
0.47317,0
0.25859,0
0.36595,0
0.098575,0
0.24782,0
0.14241,0
0.28191,0
0.067374,1
0.19854,0
0.3214,0
0.085623,0
0.23701,0
0.44839,0
0.13627,0
0.10739,0
0.30605,0
0.16957,0
0.33118,0
0.25305,0
0.088399,0
0.087669,0
0.099353,0
0.1074,1
0.17225,0
0.034004,0
0.38402,0
0.15185,0
0.075173,0
0.2068,0
0.23143,0
0.087614,0
0.46087,1
0.31946,1
0.25579,0
0.10412,0
0.3932,0
0.13311,0
0.38942,1
0.25226,0
0.52869,0
0.23402,1
0.23619,0
0.16324,0
0.04442,0
0.23718,0
0.12989,0
0.6335,1
0.12115,0
0.4745,0
0.35912,1
0.15915,0
0.9468,1
0.10216,0
0.30451,0
0.24655,0
0.26298,1
0.066417,0
0.12681,0
0.093407,0
0.19325,0
0.084413,0
0.17857,0
0.08161,0
0.75934,1
0.087335,1
0.13785,0
0.086099,0
0.19248,0
0.47281,0
0.10955,0
0.341,0
0.38233,0
0.14605,0
0.13345,0
0.17381,0
0.43794,1
0.099019,0
0.1407,0
0.069622,0
0.36967,0
7.2709,1
0.33979,0
0.055937,0
0.14397,0
0.36724,0
0.30008,0
0.023776,0
0.13987,0
0.15532,0
0.35967,0
1.5683,1
0.28838,0
0.49964,0
0.36441,0
0.27537,1
0.65395,0
0.083052,0
0.021755,0
0.20052,0
0.49328,1
0.2435,0
0.46362,0
0.07382,0
0.14321,0
0.081327,0
0.14627,0
0.2336,0
0.2649,1
0.29502,0
0.42265,0
0.080744,1
0.17393,0
0.40286,0
0.22675,0
0.1414,1
0.38935,0
0.04862,0
0.14262,0
0.092163,0
0.1089,0
0.15724,0
0.090286,0
0.10937,0
0.26999,0
0.12925,0
2.2049,1
0.078306,0
0.078684,0
0.29067,0
0.19438,0
1.5745,1
0.27831,0
0.35022,0
0.05826,0
0.19407,0
0.1317,0
0.20879,0
0.1073,0
0.3172,0
0.18441,0
0.3796,0
0.32591,0
0.25062,0
0.33622,0
0.13019,0
0.11527,0
0.18328,1
0.47955,0
0.089256,0
0.24372,0
0.055118,0
1.2045,1
0.080578,0
0.13029,0
0.39828,0
0.24482,0
0.32126,0
0.11624,0
0.19555,0
0.20662,0
0.11572,0
0.2265,0
0.28144,1
0.30221,0
0.077782,0
0.43847,1
0.40136,0
0.1085,0
0.40029,1
0.22782,0
0.38328,0
0.12421,0
0.090531,0
0.28852,0
0.399,1
0.2179,0
1.1904,1
0.40611,0
0.21902,0
0.15164,0
0.22348,1
0.31032,0
0.080728,0
0.17819,0
0.52003,0
0.26186,0
0.42253,1
0.26805,1
0.31733,0
0.018825,0
0.22756,0
0.031591,0
0.229,0
0.12712,0
0.15856,0
0.11662,0
0.27033,0
0.056717,0
0.47839,0
0.27171,0
0.28945,0
0.14795,0
0.18164,0
0.27465,0
0.11649,0
0.34722,0
0.13214,0
0.12936,0
0.21867,0
0.047833,0
0.43089,0
0.26131,0
0.1078,0
0.34172,0
0.33489,0
0.12459,0
0.28141,0
0.44706,1
0.13385,0
0.78879,0
0.21401,0
0.18435,0
0.10375,0
0.52278,1
0.094128,0
0.89984,1
0.58851,1
0.3089,1
0.048663,0
0.88659,0
0.34647,0
0.30912,0
0.19791,0
0.25042,1
0.65212,1
0.082546,0
0.14023,0
0.13149,0
0.059364,0
0.080147,0
0.13989,0
0.30263,1
0.30096,1
0.27522,0
0.21555,0
0.29599,0
0.32983,0
0.12978,0
0.23934,0
0.088388,0
0.35867,0
0.24171,0
0.15237,0
0.26339,0
0.32833,0
0.32175,0
0.15171,1
0.029656,0
0.18513,0
0.073516,0
0.11493,0
0.29672,0
0.30315,0
1.1251,1
0.12071,0
0.090931,0
0.096189,0
0.10583,0
0.069295,0
0.12317,0
0.53014,0
0.44127,0
0.32137,0
0.42404,1
0.077409,0
0.18743,0
0.12494,0
0.064013,0
0.086962,0
0.13965,0
0.12968,0
0.12121,0
0.53164,1
0.028929,0
0.37503,0
0.12534,0
0.32153,1
0.066845,0
0.16073,0
0.30517,0
0.12022,0
0.15372,0
0.51308,0
0.13003,0
0.52153,1
0.10809,0
0.24442,0
0.3347,0
0.15286,0
0.66026,1
0.27968,0
0.1229,0
0.097052,0
1.9738,1
0.065881,0
0.18472,0
0.39484,0
0.094717,0
0.26397,1
0.18749,0
0.41725,0
0.4147,0
0.1763,0
0.10833,0
0.13406,0
0.34094,0
0.13073,0
0.33643,0
0.083192,0
0.070425,0
0.32097,0
0.38324,0
0.13606,0
0.083432,0
0.23472,0
2.7254,0
0.13858,0
0.11394,0
0.20168,1
0.184,0
0.21418,0
0.32978,0
0.1311,0
0.22786,0
0.12867,0
0.041526,0
0.2728,0
0.11513,0
0.17437,0
0.3491,0
0.2641,1
0.51259,1
0.22563,0
0.38795,1
0.35035,0
0.081431,0
0.071253,0
0.30213,0
0.10221,0
1.6177,1
0.3183,0
0.33933,0
0.41784,0
0.1064,0
0.17986,0
0.2202,0
0.15458,0
0.31348,0
0.13155,0
0.56381,1
2.8503,1
0.27273,0
0.35723,0
0.10549,0
0.26519,1
0.2279,0
0.15733,0
0.26402,0
0.061723,0
0.083186,0
0.12306,0
0.27057,0
0.068484,0
0.11125,0
0.23609,0
0.17035,0
0.47839,0
0.24087,0
0.41648,0
0.24604,0
0.087546,0
0.067223,0
0.15958,0
0.085389,0
0.10372,0
0.18234,0
0.17473,0
0.77127,0
0.11369,0
0.17841,0
0.19075,0
0.081269,0
0.084072,0
0.17199,0
0.28624,0
0.10592,0
0.15903,0
0.63628,0
0.028445,0
0.073996,0
0.43639,1
2.278,1
0.14048,0
0.49767,0
0.15874,0
0.04679,0
0.12463,0
0.23994,0
0.26504,0
0.29149,0
0.17443,0
0.35758,0
0.15802,0
0.089467,0
0.37755,0
1.1883,0
2.6239,1
0.32816,0
1.0526,1
0.052233,0
0.37326,0
0.14826,1
0.12239,0
0.18553,0
0.26629,1
0.23853,0
0.52349,0
0.27043,1
0.095119,0
0.064021,0
0.064021,0
0.16281,0
0.075917,0
0.45801,1
0.45613,1
0.25037,0
0.080689,0
0.12796,0
0.35956,1
0.35607,1
0.55452,1
0.079846,0
0.069212,1
1.2159,1
0.15872,0
0.5686,1
0.083518,0
0.30873,0
0.046131,0
0.72914,0
0.1646,0
0.061635,0
0.11994,0
0.042192,0
0.3751,0
0.16801,0
0.080556,0
0.14484,0
0.20501,0
0.22656,0
0.22048,0
0.20607,0
0.25853,0
0.27905,0
0.29825,0
0.10165,0
0.1327,0
0.24802,0
0.078474,0
0.0783,0
0.26577,0
0.24866,0
0.044729,0
0.32503,0
0.4757,1
0.11462,0
0.47286,1
0.068669,1
0.18368,0
0.27033,0
0.13061,0
0.071292,0
0.14279,0
0.39638,0
0.22129,0
0.45092,0
0.25144,0
0.12795,0
0.34403,0
0.37419,0
0.15636,0
0.34859,0
0.10079,0
0.16973,0
0.14825,0
0.11203,0
0.33639,1
0.11871,0
0.23317,1
0.4523,0
0.24365,0
0.39173,1
0.16974,0
0.13954,0
1.0212,1
0.072822,0
0.22798,0
0.12439,0
0.083864,0
0.28705,0
0.19639,1
0.30331,0
0.20439,0
0.18939,0
0.13432,0
0.19371,0
0.24517,0
0.23071,0
0.14086,0
0.47813,0
0.36639,1
1.1641,1
0.11098,0
0.13499,0
0.15255,0
0.149,0
0.29102,0
0.27265,0
0.20226,0
0.065058,0
1.0628,0
0.27717,0
0.057262,0
0.27,0
0.069942,0
0.26553,0
0.46427,0
0.12473,0
0.26253,0
0.057063,0
0.16685,0
0.48562,1
0.13801,0
0.22459,0
0.17596,1
0.15287,0
0.37986,0
0.40912,0
0.11328,0
0.4014,0
0.16615,0
0.44062,0
0.12544,0
0.099201,0
0.20355,0
3.4789,1
0.22628,0
0.15125,0
0.3061,0
0.20046,0
0.19937,0
0.42651,0
0.15183,0
0.48345,1
0.15793,0
0.15455,0
0.18469,1
0.1444,0
0.12299,0
0.19746,0
0.2007,0
0.18189,0
0.079812,0
0.25915,0
0.089927,0
0.24348,0
0.056423,0
0.050297,0
0.56631,1
0.25212,0
0.055674,0
0.80078,1
0.29561,1
0.23023,0
0.34292,0
0.24777,0
0.86118,1
0.062612,0
0.35926,1
0.40179,1
0.35479,1
0.23889,0
0.13966,1
0.39761,0
0.113,0
0.53956,0
0.20091,0
0.09174,0
0.43426,0
0.34666,0
0.21658,1
0.25085,0
0.44543,0
0.16591,0
0.10697,0
0.049463,0
0.24592,0
0.10872,0
0.21233,0
0.70787,1
0.11247,0
0.15393,1
0.41043,1
0.2886,1
0.093717,0
0.54635,0
0.10383,0
0.10406,1
0.12909,0
0.078037,0
0.1513,0
0.36878,0
0.23873,0
0.18293,0
0.2463,0
0.088515,0
0.080283,0
0.17465,0
0.19629,0
0.27549,0
0.25137,0
0.14434,0
0.3315,0
0.20712,0
0.26623,1
0.23056,0
0.10561,0
0.11243,0
0.11693,0
0.1042,0
1.8129,1
0.341,0
0.13916,0
0.18897,0
0.21879,0
0.070103,0
0.12901,0
0.30637,0
0.093386,0
2.0997,1
0.49106,0
0.28527,1
0.25854,0
0.085503,0
0.26571,0
0.056948,0
0.28444,0
0.11463,0
0.15659,0
0.10755,0
0.27532,0
0.089357,0
0.20177,0
0.43458,1
0.1373,1
0.054063,0
0.075368,0
0.16615,0
0.050298,0
0.23905,0
0.03031,0
0.19844,1
0.44187,0
0.31248,0
0.26641,0
0.28776,0
0.046198,0
0.23937,0
0.28071,0
0.68883,1
0.38193,1
0.045359,0
0.264,0
0.084486,0
0.20429,0
0.2668,0
0.19826,0
0.12954,0
0.24424,0
0.18576,0
0.20062,0
0.29235,1
0.27071,0
0.17143,0
0.1036,0
0.12399,0
0.76941,1
0.076886,0
0.26616,0
0.07885,0
0.45621,1
0.041857,0
0.12062,0
0.067714,0
0.14532,1
0.2854,0
0.15025,0
0.13207,0
0.47119,0
0.28065,0
0.26033,0
0.068241,0
0.026681,0
0.45105,0
0.27425,0
0.098726,0
0.078151,0
0.17154,1
0.17749,0
0.29237,0
0.18403,0
0.40738,0
1.4483,1
0.48423,1
0.13186,0
0.41288,0
0.33622,0
0.21309,0
0.31123,0
0.14259,0
0.29716,0
0.16733,0
0.32946,1
0.43945,1
0.17768,0
0.10077,0
1.7161,1
0.48478,1
0.16287,0
0.3886,0
0.13776,0
0.10524,0
0.47503,0
0.21627,0
0.27629,1
0.090462,0
0.13015,0
0.26014,0
0.30549,0
0.13965,0
0.054528,0
0.22122,0
0.14655,0
0.43556,1
0.60467,1
0.18498,0
0.32248,0
0.7512,1
0.26726,1
0.19581,0
0.31806,0
0.21485,0
0.065498,0
0.12334,0
0.16682,0
0.30754,0
0.098954,0
0.23648,0
0.063412,0
0.3182,0
0.14896,0
0.11332,0
0.35759,1
0.42317,0
0.065647,0
0.11508,0
0.067906,0
0.18374,0
0.28408,0
0.13011,0
0.056331,0
0.38368,1
0.36696,0
0.39413,0
0.43962,0
0.051796,0
0.22873,0
0.31844,0
0.04388,0
0.049488,0
0.52562,1
0.31997,0
0.25673,0
0.16535,0
0.324,0
0.10619,0
0.2702,0
0.23526,1
0.2742,1
0.16108,0
0.17323,0
0.32837,1
0.37072,1
0.1309,0
0.41214,0
0.14975,0
0.51852,1
0.36443,0
0.19138,0
0.3517,0
0.3517,0
0.092555,0
0.39492,1
0.3424,0
0.12612,0
0.15527,0
0.34623,0
0.25535,1
0.039884,0
0.076244,0
0.19149,0
0.17373,0
0.07979,0
0.35229,0
0.14002,1
0.14883,0
0.36745,1
0.11342,0
0.085686,0
0.50027,1
0.18578,0
0.090251,0
0.92476,1
0.35385,0
0.11218,0
0.3467,0
0.049368,0
0.27385,0
0.19186,0
0.47102,1
0.13449,1
1.6023,0
1.263,1
0.43132,0
0.21288,0
0.061238,0
0.08905,0
0.16841,0
0.28561,0
0.25497,0
0.13839,0
0.39509,0
0.20779,0
0.22619,0
0.13961,1
0.16824,1
0.11615,0
0.066923,0
0.071666,0
0.22835,0
0.1626,0
0.033839,0
0.11594,0
0.44782,1
0.21063,0
0.20633,0
2.8082,1
0.090377,0
0.13151,0
0.085432,0
0.17762,0
0.050618,0
0.14762,0
0.58276,1
0.091893,0
0.065403,0
2.1045,1
0.09531,0
0.16059,0
0.89322,1
0.12005,0
0.2037,0
0.074775,0
0.074649,0
0.24608,1
0.24251,0
0.11429,0
0.19476,0
0.18234,0
4.1257,0
0.19888,0
0.18045,0
0.17696,0
0.35122,1
0.30572,0
0.32018,1
0.1434,0
0.1201,0
0.40952,0
0.14407,0
0.33381,1
0.13292,0
0.062191,0
0.18597,0
0.084111,0
0.12877,0
0.26732,0
0.277,0
0.23787,0
0.17388,1
0.56492,1
0.39973,0
0.36169,0
0.12001,0
0.38098,0
0.45356,1
0.10916,1
0.11707,0
0.13264,0
0.15793,0
0.15658,0
0.04953,0
0.11391,0
0.25853,0
2.9035,1
0.33772,0
0.13154,0
0.13666,0
0.4382,0
0.18716,0
0.55809,1
0.26678,0
0.28508,1
0.20128,0
0.35822,0
0.19559,0
0.73225,1
0.17688,0
0.032396,0
0.095366,0
0.24562,0
0.23956,0
0.1403,1
0.212,0
0.22904,0
0.20654,0
0.31254,0
0.29079,0
0.046037,0
0.2315,0
0.12289,0
0.51812,1
0.15763,0
0.19361,0
0.21441,0
0.3526,0
0.24607,0
0.2504,0
0.033934,0
0.13667,0
0.17694,0
0.33103,0
0.16472,0
0.040352,0
0.49528,1
0.084455,0
1.2029,0
0.35497,0
0.25248,1
0.11547,0
0.10953,0
0.19711,0
0.2264,0
0.31839,0
0.25863,0
0.094551,0
0.18652,0
0.21085,0
0.074325,0
0.093161,0
0.22661,0
0.069306,1
0.28647,0
0.27397,1
0.091298,0
0.038129,1
0.095749,0
0.14705,0
0.12851,0
0.46415,1
0.048681,0
0.12215,0
0.47464,1
0.41213,1
0.09457,0
0.34857,1
0.28595,0
0.055399,0
0.069713,0
0.16833,0
0.23583,0
0.28667,1
0.072426,0
0.14418,0
0.17103,0
0.22643,0
0.057415,0
0.23035,1
0.098669,0
0.19499,0
0.083324,0
0.31401,0
0.11824,0
0.13847,0
0.26151,1
0.047319,0
0.19529,0
0.242,0
0.087864,0
0.12534,0
0.09292,0
0.25973,0
0.20559,0
0.25433,0
0.18853,0
0.093342,0
0.083387,1
0.063303,0
0.089073,0
0.21939,0
0.10898,0
0.32448,0
0.05281,0
0.27538,0
0.17439,0
1.0253,0
0.19516,1
0.40101,1
0.14403,0
0.1904,0
0.098483,0
0.085213,0
0.17964,0
0.2411,0
0.34742,0
0.3042,0
0.2586,0
0.050969,0
0.39298,1
0.20155,1
0.11123,0
0.26085,1
0.081165,0
0.47473,0
0.13343,0
0.17754,0
0.077765,0
0.17899,0
0.12279,0
0.15279,0
0.35382,0
0.21405,0
0.09991,0
0.050216,0
0.4776,0
0.1766,0
0.34728,1
0.2242,0
0.54594,0
0.28651,0
0.10878,0
0.26233,0
0.064986,0
0.34786,0
0.17831,1
0.48959,1
0.3266,0
0.041282,0
0.15127,0
0.33343,0
0.35193,1
0.7095,1
0.29943,1
0.079373,0
0.10252,0
0.12924,0
0.14229,0
0.81357,1
0.5897,1
0.24218,0
0.25827,0
0.045106,0
0.24527,0
0.24809,1
0.094465,0
0.34846,0
0.59027,0
0.3341,0
0.42586,1
0.4197,1
0.087269,0
0.33665,0
0.04659,0
0.23937,0
0.095634,0
0.17861,0
0.16445,0
0.11189,0
0.18733,0
0.38809,0
0.10651,0
0.36187,0
0.1333,0
0.094329,0
0.054036,0
0.33661,0
0.40612,0
0.17457,0
0.10501,0
1.3442,1
0.57683,1
0.39282,0
0.18064,0
0.28673,0
0.22606,0
0.11966,0
0.048075,0
0.25851,0
0.19334,0
0.12967,0
0.33413,0
0.30598,0
0.2581,0
0.29157,0
0.13081,0
0.43259,0
0.12728,0
0.42686,0
0.21643,0
0.26451,0
0.51758,0
0.061599,0
0.19187,0
0.19288,0
0.16801,0
0.29257,0
1.552,1
2.3235,1
0.076855,0
0.17649,0
0.18494,0
0.53201,1
0.057903,0
0.4387,0
0.18495,0
0.16957,0
0.21053,0
0.12609,0
0.70769,1
0.39819,0
0.24564,0
0.060575,0
0.09038,0
0.5818,0
0.44292,0
0.047714,0
0.13912,0
0.046636,0
0.13097,0
0.28836,0
5.6472,0
0.094137,0
0.075626,0
0.095086,0
0.74999,1
0.33272,1
0.23848,0
1.2396,1
0.29901,1
0.089688,0
0.079973,0
0.096892,0
0.1727,0
0.23117,0
0.34837,1
0.29554,1
0.11471,0
0.15535,1
0.2226,0
0.35804,1
0.28206,0
0.067381,0
0.15971,0
1.2248,0
0.13064,0
0.12067,0
0.5519,1
0.066934,0
0.15071,0
0.21068,0
0.41235,0
0.10242,0
0.11217,0
0.054044,0
0.24198,0
0.54951,1
0.27857,1
0.07385,0
0.077221,0
0.14221,0
0.31595,0
0.32893,0
0.17155,0
0.25714,0
0.095798,0
0.22096,0
0.1509,0
0.1509,0
0.28686,0
0.18196,0
1.7842,1
0.48865,0
0.26081,1
0.13121,0
0.19289,0
0.2534,1
0.34539,1
0.25975,0
0.15884,1
0.21195,0
0.24822,0
1.0247,1
0.48573,0
0.33578,0
0.31264,0
0.09889,0
0.19677,0
0.22834,0
0.81669,1
0.28368,0
0.099381,0
0.10117,0
0.42069,0
0.042519,0
0.37847,0
0.19694,0
0.3561,0
0.21948,0
0.21166,0
0.32408,1
0.0574,0
0.19911,0
0.83628,0
0.071017,0
0.33137,0
0.50035,1
0.039057,0
0.32554,0
0.58658,1
0.15441,0
0.24271,0
0.22405,1
0.4639,0
2.7333,1
0.10441,1
0.17666,0
0.44548,1
0.18646,0
0.33064,0
0.2077,0
0.13698,0
0.4891,1
0.32633,1
0.11495,0
0.22705,0
0.16039,0
0.091465,0
0.47134,0
0.27626,0
0.11752,0
0.26612,0
0.28098,0
0.37326,1
0.062631,0
0.34746,0
0.096224,0
0.2233,1
0.11066,0
0.25014,0
0.26163,0
0.20849,0
0.37956,0
0.19816,0
0.15232,0
0.61266,1
0.30641,0
0.20248,0
0.093827,0
0.10018,0
0.19453,0
0.45777,1
0.092993,0
0.5198,1
0.13949,0
0.29025,1
0.17975,0
0.072023,0
0.1211,0
0.090212,0
0.1312,0
0.075551,0
0.6562,1
0.22299,0
0.43719,0
0.25823,1
0.12512,0
0.10667,0
0.23588,0
0.47206,0
0.047483,0
0.48833,0
0.32361,0
0.18844,0
0.37338,1
0.13008,0
0.21914,0
0.27083,0
4.941,1
0.20052,0
0.49206,1
0.18148,0
0.03724,0
0.16594,0
0.086283,0
0.13315,1
0.19513,0
0.11515,0
0.24684,0
0.25323,0
0.3959,0
0.29457,0
0.35646,1
0.47122,1
0.039059,0
0.11014,0
0.074486,0
0.27254,0
0.47272,1
0.20747,0
0.41877,0
0.050418,0
0.52799,0
1.0247,1
0.35954,0
0.22921,0
0.26527,0
0.091061,0
0.77434,0
0.080098,0
0.20597,0
0.34838,0
0.18915,0
0.17106,0
0.16092,0
0.36279,0
0.077435,0
0.10473,0
0.095674,0
0.092743,1
0.13685,0
